"","Channel 2 Ave. (C)","Channel 3 Ave. (C)","Channel 4 Ave. (C)"
"2021-09-02T08:20:32-07:00","11.688","11.580","11.535"
"2021-09-02T08:21:32-07:00","11.687","11.577","11.531"
"2021-09-02T08:22:32-07:00","11.692","11.580","11.533"
"2021-09-02T08:23:32-07:00","11.698","11.585","11.531"
"2021-09-02T08:24:32-07:00","11.701","11.585","11.528"
"2021-09-02T08:25:32-07:00","11.695","11.580","11.514"
"2021-09-02T08:26:32-07:00","11.694","11.571","11.504"
"2021-09-02T08:27:32-07:00","11.697","11.576","11.500"
"2021-09-02T08:28:32-07:00","11.696","11.573","11.492"
"2021-09-02T08:29:32-07:00","11.693","11.567","11.483"
"2021-09-02T08:30:32-07:00","11.687","11.562","11.472"
"2021-09-02T08:31:32-07:00","11.687","11.551","11.465"
"2021-09-02T08:32:32-07:00","11.681","11.557","11.456"
"2021-09-02T08:33:32-07:00","11.679","11.546","11.449"
"2021-09-02T08:34:32-07:00","11.672","11.532","11.440"
"2021-09-02T08:35:32-07:00","11.670","11.535","11.436"
"2021-09-02T08:36:32-07:00","11.676","11.531","11.436"
"2021-09-02T08:37:32-07:00","11.665","11.531","11.423"
"2021-09-02T08:38:32-07:00","11.659","11.510","11.416"
"2021-09-02T08:39:32-07:00","11.654","11.509","11.407"
"2021-09-02T08:40:32-07:00","11.657","11.519","11.411"
"2021-09-02T08:41:32-07:00","11.654","11.508","11.405"
"2021-09-02T08:42:32-07:00","11.647","11.505","11.395"
"2021-09-02T08:43:32-07:00","11.642","11.504","11.386"
"2021-09-02T08:44:32-07:00","11.638","11.493","11.381"
"2021-09-02T08:45:32-07:00","11.649","11.487","11.394"
"2021-09-02T08:46:32-07:00","11.692","11.544","11.438"
"2021-09-02T08:47:32-07:00","11.731","11.585","11.470"
"2021-09-02T08:48:32-07:00","11.750","11.605","11.486"
"2021-09-02T08:49:32-07:00","11.779","11.604","11.513"
"2021-09-02T08:50:32-07:00","11.832","11.668","11.564"
"2021-09-02T08:51:32-07:00","11.832","11.677","11.563"
"2021-09-02T08:52:32-07:00","11.828","11.669","11.558"
"2021-09-02T08:53:32-07:00","11.825","11.662","11.553"
"2021-09-02T08:54:32-07:00","11.826","11.665","11.553"
"2021-09-02T08:55:32-07:00","11.824","11.665","11.550"
"2021-09-02T08:56:32-07:00","11.820","11.660","11.544"
"2021-09-02T08:57:32-07:00","11.824","11.666","11.546"
"2021-09-02T08:58:32-07:00","11.823","11.654","11.545"
"2021-09-02T08:59:32-07:00","11.819","11.655","11.542"
"2021-09-02T09:00:32-07:00","11.815","11.649","11.538"
"2021-09-02T09:01:32-07:00","11.816","11.651","11.541"
"2021-09-02T09:02:32-07:00","11.813","11.646","11.538"
"2021-09-02T09:03:32-07:00","11.810","11.642","11.533"
"2021-09-02T09:04:32-07:00","11.814","11.651","11.539"
"2021-09-02T09:05:32-07:00","11.817","11.650","11.544"
"2021-09-02T09:06:32-07:00","11.817","11.653","11.545"
"2021-09-02T09:07:32-07:00","11.820","11.659","11.548"
"2021-09-02T09:08:32-07:00","11.821","11.655","11.546"
"2021-09-02T09:09:32-07:00","11.822","11.656","11.547"
"2021-09-02T09:10:32-07:00","11.824","11.656","11.546"
"2021-09-02T09:11:32-07:00","11.820","11.648","11.540"
"2021-09-02T09:12:32-07:00","11.818","11.653","11.536"
"2021-09-02T09:13:32-07:00","11.823","11.655","11.542"
"2021-09-02T09:14:32-07:00","11.824","11.658","11.542"
"2021-09-02T09:15:32-07:00","11.823","11.654","11.541"
"2021-09-02T09:16:32-07:00","11.824","11.650","11.541"
"2021-09-02T09:17:32-07:00","11.823","11.651","11.540"
"2021-09-02T09:18:32-07:00","11.820","11.651","11.535"
"2021-09-02T09:19:32-07:00","11.817","11.643","11.531"
"2021-09-02T09:20:32-07:00","11.820","11.648","11.534"
"2021-09-02T09:21:32-07:00","11.820","11.653","11.531"
"2021-09-02T09:22:32-07:00","11.818","11.644","11.528"
"2021-09-02T09:23:32-07:00","11.818","11.651","11.527"
"2021-09-02T09:24:32-07:00","11.820","11.643","11.528"
"2021-09-02T09:25:32-07:00","11.821","11.621","11.528"
"2021-09-02T09:26:32-07:00","11.825","11.610","11.533"
"2021-09-02T09:27:32-07:00","11.820","11.572","11.525"
"2021-09-02T09:28:32-07:00","11.818","11.595","11.521"
"2021-09-02T09:29:32-07:00","11.822","11.578","11.524"
"2021-09-02T09:30:32-07:00","11.827","11.603","11.528"
"2021-09-02T09:31:32-07:00","11.828","11.613","11.529"
"2021-09-02T09:32:32-07:00","11.830","11.582","11.532"
"2021-09-02T09:33:32-07:00","11.832","11.625","11.534"
"2021-09-02T09:34:32-07:00","11.834","11.629","11.535"
"2021-09-02T09:35:32-07:00","11.838","11.644","11.538"
"2021-09-02T09:36:32-07:00","11.841","11.665","11.540"
"2021-09-02T09:37:32-07:00","11.878","11.713","11.582"
"2021-09-02T09:38:32-07:00","11.930","11.778","11.628"
"2021-09-02T09:39:32-07:00","11.963","11.815","11.655"
"2021-09-02T09:40:32-07:00","12.013","11.853","11.706"
"2021-09-02T09:41:32-07:00","12.021","11.882","11.721"
"2021-09-02T09:42:32-07:00","12.013","11.875","11.716"
"2021-09-02T09:43:32-07:00","12.010","11.867","11.712"
"2021-09-02T09:44:32-07:00","12.013","11.873","11.715"
"2021-09-02T09:45:32-07:00","12.010","11.873","11.719"
"2021-09-02T09:46:32-07:00","12.010","11.874","11.717"
"2021-09-02T09:47:32-07:00","12.016","11.877","11.723"
"2021-09-02T09:48:32-07:00","12.084","11.904","11.790"
"2021-09-02T09:49:32-07:00","12.117","11.984","11.831"
"2021-09-02T09:50:32-07:00","12.133","11.997","11.844"
"2021-09-02T09:51:32-07:00","12.126","11.991","11.838"
"2021-09-02T09:52:32-07:00","12.130","11.991","11.843"
"2021-09-02T09:53:32-07:00","12.128","11.995","11.839"
"2021-09-02T09:54:32-07:00","12.133","11.995","11.844"
"2021-09-02T09:55:32-07:00","12.117","11.994","11.843"
"2021-09-02T09:56:32-07:00","12.131","12.002","11.839"
"2021-09-02T09:57:32-07:00","12.148","12.006","11.842"
"2021-09-02T09:58:32-07:00","12.133","12.003","11.836"
"2021-09-02T09:59:32-07:00","12.123","11.995","11.832"
"2021-09-02T10:00:32-07:00","12.131","11.994","11.837"
"2021-09-02T10:01:32-07:00","12.151","12.002","11.853"
"2021-09-02T10:02:32-07:00","12.216","12.062","11.918"
"2021-09-02T10:03:32-07:00","12.227","12.068","11.937"
"2021-09-02T10:04:32-07:00","12.224","12.061","11.936"
"2021-09-02T10:05:32-07:00","12.227","12.070","11.938"
"2021-09-02T10:06:32-07:00","12.238","12.105","11.949"
"2021-09-02T10:07:32-07:00","12.274","12.157","11.986"
"2021-09-02T10:08:32-07:00","12.330","12.232","12.044"
"2021-09-02T10:09:32-07:00","12.404","12.325","12.119"
"2021-09-02T10:10:32-07:00","12.497","12.441","12.213"
"2021-09-02T10:11:32-07:00","12.611","12.555","12.327"
"2021-09-02T10:12:32-07:00","12.733","12.686","12.449"
"2021-09-02T10:13:32-07:00","12.851","12.800","12.565"
"2021-09-02T10:14:32-07:00","12.963","12.921","12.677"
"2021-09-02T10:15:32-07:00","13.082","13.041","12.796"
"2021-09-02T10:16:32-07:00","13.189","13.133","12.902"
"2021-09-02T10:17:32-07:00","13.294","13.237","13.006"
"2021-09-02T10:18:32-07:00","13.398","13.339","13.111"
"2021-09-02T10:19:32-07:00","13.504","13.448","13.215"
"2021-09-02T10:20:32-07:00","13.605","13.550","13.316"
"2021-09-02T10:21:32-07:00","13.706","13.647","13.415"
"2021-09-02T10:22:32-07:00","13.807","13.745","13.517"
"2021-09-02T10:23:32-07:00","13.909","13.844","13.617"
"2021-09-02T10:24:32-07:00","14.009","13.950","13.716"
"2021-09-02T10:25:32-07:00","14.105","14.045","13.811"
"2021-09-02T10:26:32-07:00","14.200","14.130","13.905"
"2021-09-02T10:27:32-07:00","14.292","14.223","13.999"
"2021-09-02T10:28:32-07:00","14.380","14.306","14.086"
"2021-09-02T10:29:32-07:00","14.465","14.396","14.172"
"2021-09-02T10:30:32-07:00","14.555","14.488","14.261"
"2021-09-02T10:31:32-07:00","14.644","14.584","14.352"
"2021-09-02T10:32:32-07:00","14.732","14.660","14.439"
"2021-09-02T10:33:32-07:00","14.811","14.737","14.518"
"2021-09-02T10:34:32-07:00","14.894","14.825","14.601"
"2021-09-02T10:35:32-07:00","14.976","14.905","14.683"
"2021-09-02T10:36:32-07:00","15.058","14.985","14.766"
"2021-09-02T10:37:32-07:00","15.137","15.060","14.844"
"2021-09-02T10:38:32-07:00","15.216","15.137","14.924"
"2021-09-02T10:39:32-07:00","15.297","15.215","15.003"
"2021-09-02T10:40:32-07:00","15.367","15.288","15.074"
"2021-09-02T10:41:32-07:00","15.445","15.368","15.150"
"2021-09-02T10:42:32-07:00","15.514","15.437","15.218"
"2021-09-02T10:43:32-07:00","15.584","15.499","15.287"
"2021-09-02T10:44:32-07:00","15.652","15.574","15.355"
"2021-09-02T10:45:32-07:00","15.728","15.646","15.430"
"2021-09-02T10:46:32-07:00","15.801","15.717","15.506"
"2021-09-02T10:47:32-07:00","15.869","15.785","15.575"
"2021-09-02T10:48:32-07:00","15.939","15.858","15.648"
"2021-09-02T10:49:32-07:00","15.998","15.916","15.708"
"2021-09-02T10:50:32-07:00","16.069","15.983","15.780"
"2021-09-02T10:51:32-07:00","16.130","16.042","15.842"
"2021-09-02T10:52:32-07:00","16.192","16.104","15.904"
"2021-09-02T10:53:32-07:00","16.254","16.167","15.963"
"2021-09-02T10:54:32-07:00","16.315","16.223","16.024"
"2021-09-02T10:55:32-07:00","16.370","16.275","16.077"
"2021-09-02T10:56:32-07:00","16.434","16.343","16.141"
"2021-09-02T10:57:32-07:00","16.492","16.398","16.199"
"2021-09-02T10:58:32-07:00","16.549","16.458","16.255"
"2021-09-02T10:59:32-07:00","16.603","16.507","16.311"
"2021-09-02T11:00:32-07:00","16.656","16.563","16.369"
"2021-09-02T11:01:32-07:00","16.717","16.624","16.430"
"2021-09-02T11:02:32-07:00","16.769","16.675","16.484"
"2021-09-02T11:03:32-07:00","16.826","16.731","16.541"
"2021-09-02T11:04:32-07:00","16.881","16.790","16.599"
"2021-09-02T11:05:32-07:00","16.933","16.843","16.655"
"2021-09-02T11:06:32-07:00","16.983","16.892","16.706"
"2021-09-02T11:07:32-07:00","17.052","16.946","16.780"
"2021-09-02T11:08:32-07:00","17.111","17.003","16.841"
"2021-09-02T11:09:32-07:00","17.147","17.031","16.873"
"2021-09-02T11:10:32-07:00","17.170","17.046","16.896"
"2021-09-02T11:11:32-07:00","17.204","17.063","16.928"
"2021-09-02T11:12:32-07:00","17.239","17.102","16.968"
"2021-09-02T11:13:32-07:00","17.241","17.117","16.965"
"2021-09-02T11:14:32-07:00","17.241","17.108","16.963"
"2021-09-02T11:15:32-07:00","17.250","17.119","16.971"
"2021-09-02T11:16:32-07:00","17.253","17.128","16.974"
"2021-09-02T11:17:32-07:00","17.258","17.126","16.981"
"2021-09-02T11:18:32-07:00","17.265","17.134","16.987"
"2021-09-02T11:19:32-07:00","17.271","17.141","16.997"
"2021-09-02T11:20:32-07:00","17.295","17.166","17.028"
"2021-09-02T11:21:32-07:00","17.337","17.192","17.082"
"2021-09-02T11:22:32-07:00","17.335","17.212","17.105"
"2021-09-02T11:23:32-07:00","17.339","17.219","17.108"
"2021-09-02T11:24:32-07:00","17.347","17.228","17.107"
"2021-09-02T11:25:32-07:00","17.357","17.239","17.115"
"2021-09-02T11:26:32-07:00","17.371","17.249","17.124"
"2021-09-02T11:27:32-07:00","17.378","17.258","17.136"
"2021-09-02T11:28:32-07:00","17.389","17.273","17.159"
"2021-09-02T11:29:32-07:00","17.397","17.280","17.179"
"2021-09-02T11:30:32-07:00","17.406","17.290","17.189"
"2021-09-02T11:31:32-07:00","17.417","17.300","17.193"
"2021-09-02T11:32:32-07:00","17.424","17.290","17.188"
"2021-09-02T11:33:32-07:00","17.450","17.276","17.178"
"2021-09-02T11:34:32-07:00","17.469","17.331","17.193"
"2021-09-02T11:35:32-07:00","17.482","17.344","17.198"
"2021-09-02T11:36:32-07:00","17.491","17.363","17.207"
"2021-09-02T11:37:32-07:00","17.521","17.406","17.241"
"2021-09-02T11:38:32-07:00","17.565","17.463","17.289"
"2021-09-02T11:39:32-07:00","17.634","17.543","17.360"
"2021-09-02T11:40:32-07:00","17.727","17.650","17.455"
"2021-09-02T11:41:32-07:00","17.836","17.762","17.571"
"2021-09-02T11:42:32-07:00","17.956","17.885","17.693"
"2021-09-02T11:43:32-07:00","18.073","18.002","17.813"
"2021-09-02T11:44:32-07:00","18.192","18.122","17.936"
"2021-09-02T11:45:32-07:00","18.312","18.239","18.058"
"2021-09-02T11:46:32-07:00","18.431","18.362","18.171"
"2021-09-02T11:47:32-07:00","18.543","18.457","18.271"
"2021-09-02T11:48:32-07:00","18.661","18.562","18.378"
"2021-09-02T11:49:32-07:00","18.777","18.677","18.494"
"2021-09-02T11:50:32-07:00","18.881","18.779","18.603"
"2021-09-02T11:51:32-07:00","18.989","18.888","18.709"
"2021-09-02T11:52:32-07:00","19.093","18.995","18.816"
"2021-09-02T11:53:32-07:00","19.190","19.092","18.912"
"2021-09-02T11:54:32-07:00","19.295","19.199","19.017"
"2021-09-02T11:55:32-07:00","19.394","19.298","19.116"
"2021-09-02T11:56:32-07:00","19.495","19.395","19.216"
"2021-09-02T11:57:32-07:00","19.591","19.495","19.312"
"2021-09-02T11:58:32-07:00","19.690","19.586","19.409"
"2021-09-02T11:59:32-07:00","19.783","19.678","19.502"
"2021-09-02T12:00:32-07:00","19.873","19.772","19.592"
"2021-09-02T12:01:32-07:00","19.968","19.869","19.689"
"2021-09-02T12:02:32-07:00","20.046","19.948","19.771"
"2021-09-02T12:03:32-07:00","20.133","20.034","19.860"
"2021-09-02T12:04:32-07:00","20.217","20.123","19.947"
"2021-09-02T12:05:32-07:00","20.301","20.201","20.032"
"2021-09-02T12:06:32-07:00","20.378","20.281","20.110"
"2021-09-02T12:07:32-07:00","20.463","20.368","20.194"
"2021-09-02T12:08:32-07:00","20.537","20.439","20.266"
"2021-09-02T12:09:32-07:00","20.622","20.525","20.348"
"2021-09-02T12:10:32-07:00","20.691","20.593","20.418"
"2021-09-02T12:11:32-07:00","20.766","20.667","20.493"
"2021-09-02T12:12:32-07:00","20.835","20.737","20.561"
"2021-09-02T12:13:32-07:00","20.909","20.811","20.636"
"2021-09-02T12:14:32-07:00","20.980","20.881","20.707"
"2021-09-02T12:15:32-07:00","21.047","20.949","20.777"
"2021-09-02T12:16:32-07:00","21.116","21.028","20.845"
"2021-09-02T12:17:32-07:00","21.183","21.084","20.910"
"2021-09-02T12:18:32-07:00","21.246","21.152","20.973"
"2021-09-02T12:19:32-07:00","21.310","21.223","21.037"
"2021-09-02T12:20:32-07:00","21.372","21.278","21.101"
"2021-09-02T12:21:32-07:00","21.438","21.348","21.164"
"2021-09-02T12:22:32-07:00","21.493","21.403","21.222"
"2021-09-02T12:23:32-07:00","21.552","21.463","21.280"
"2021-09-02T12:24:32-07:00","21.606","21.518","21.335"
"2021-09-02T12:25:32-07:00","21.666","21.572","21.395"
"2021-09-02T12:26:32-07:00","21.723","21.631","21.451"
"2021-09-02T12:27:32-07:00","21.770","21.673","21.500"
"2021-09-02T12:28:32-07:00","21.808","21.707","21.538"
"2021-09-02T12:29:32-07:00","21.836","21.724","21.561"
"2021-09-02T12:30:32-07:00","21.845","21.727","21.567"
"2021-09-02T12:31:32-07:00","21.852","21.730","21.574"
"2021-09-02T12:32:32-07:00","21.847","21.724","21.570"
"2021-09-02T12:33:32-07:00","21.848","21.726","21.571"
"2021-09-02T12:34:32-07:00","21.865","21.743","21.596"
"2021-09-02T12:35:32-07:00","21.876","21.752","21.595"
"2021-09-02T12:36:32-07:00","21.900","21.782","21.626"
"2021-09-02T12:37:32-07:00","21.921","21.802","21.641"
"2021-09-02T12:38:32-07:00","21.926","21.807","21.646"
"2021-09-02T12:39:32-07:00","21.931","21.810","21.650"
"2021-09-02T12:40:32-07:00","21.939","21.825","21.659"
"2021-09-02T12:41:32-07:00","21.942","21.819","21.659"
"2021-09-02T12:42:32-07:00","21.962","21.830","21.668"
"2021-09-02T12:43:32-07:00","21.981","21.839","21.683"
"2021-09-02T12:44:32-07:00","21.969","21.845","21.687"
"2021-09-02T12:45:32-07:00","21.986","21.862","21.704"
"2021-09-02T12:46:32-07:00","21.992","21.869","21.711"
"2021-09-02T12:47:32-07:00","22.003","21.880","21.726"
"2021-09-02T12:48:32-07:00","22.014","21.894","21.740"
"2021-09-02T12:49:32-07:00","22.021","21.900","21.745"
"2021-09-02T12:50:32-07:00","22.035","21.914","21.757"
"2021-09-02T12:51:32-07:00","22.042","21.919","21.764"
"2021-09-02T12:52:32-07:00","22.049","21.928","21.773"
"2021-09-02T12:53:32-07:00","22.060","21.941","21.784"
"2021-09-02T12:54:32-07:00","22.066","21.947","21.793"
"2021-09-02T12:55:32-07:00","22.078","21.957","21.801"
"2021-09-02T12:56:32-07:00","22.089","21.967","21.812"
"2021-09-02T12:57:32-07:00","22.114","21.992","21.841"
"2021-09-02T12:58:32-07:00","22.128","22.002","21.849"
"2021-09-02T12:59:32-07:00","22.133","22.010","21.855"
"2021-09-02T13:00:32-07:00","22.141","22.023","21.866"
"2021-09-02T13:01:32-07:00","22.164","22.059","21.891"
"2021-09-02T13:02:32-07:00","22.206","22.115","21.936"
"2021-09-02T13:03:32-07:00","22.272","22.191","22.005"
"2021-09-02T13:04:32-07:00","22.360","22.296","22.093"
"2021-09-02T13:05:32-07:00","22.469","22.412","22.202"
"2021-09-02T13:06:32-07:00","22.572","22.515","22.306"
"2021-09-02T13:07:32-07:00","22.684","22.624","22.416"
"2021-09-02T13:08:32-07:00","22.800","22.743","22.532"
"2021-09-02T13:09:32-07:00","22.904","22.844","22.638"
"2021-09-02T13:10:32-07:00","22.999","22.936","22.732"
"2021-09-02T13:11:32-07:00","23.097","23.036","22.831"
"2021-09-02T13:12:32-07:00","23.193","23.132","22.925"
"2021-09-02T13:13:32-07:00","23.285","23.218","23.017"
"2021-09-02T13:14:32-07:00","23.376","23.315","23.111"
"2021-09-02T13:15:32-07:00","23.471","23.402","23.204"
"2021-09-02T13:16:32-07:00","23.557","23.489","23.291"
"2021-09-02T13:17:32-07:00","23.649","23.583","23.383"
"2021-09-02T13:18:32-07:00","23.735","23.665","23.467"
"2021-09-02T13:19:32-07:00","23.820","23.749","23.551"
"2021-09-02T13:20:32-07:00","23.905","23.836","23.637"
"2021-09-02T13:21:32-07:00","23.992","23.916","23.724"
"2021-09-02T13:22:32-07:00","24.076","24.002","23.806"
"2021-09-02T13:23:32-07:00","24.155","24.080","23.886"
"2021-09-02T13:24:32-07:00","24.230","24.154","23.960"
"2021-09-02T13:25:32-07:00","24.308","24.231","24.036"
"2021-09-02T13:26:32-07:00","24.376","24.302","24.105"
"2021-09-02T13:27:32-07:00","24.455","24.379","24.187"
"2021-09-02T13:28:32-07:00","24.535","24.463","24.266"
"2021-09-02T13:29:32-07:00","24.620","24.548","24.350"
"2021-09-02T13:30:32-07:00","24.704","24.639","24.437"
"2021-09-02T13:31:32-07:00","24.791","24.729","24.526"
"2021-09-02T13:32:32-07:00","24.884","24.820","24.617"
"2021-09-02T13:33:32-07:00","24.971","24.904","24.702"
"2021-09-02T13:34:32-07:00","25.055","24.984","24.786"
"2021-09-02T13:35:32-07:00","25.141","25.075","24.872"
"2021-09-02T13:36:32-07:00","25.225","25.156","24.957"
"2021-09-02T13:37:32-07:00","25.306","25.233","25.036"
"2021-09-02T13:38:32-07:00","25.380","25.309","25.111"
"2021-09-02T13:39:32-07:00","25.458","25.387","25.187"
"2021-09-02T13:40:32-07:00","25.537","25.464","25.263"
"2021-09-02T13:41:32-07:00","25.609","25.533","25.336"
"2021-09-02T13:42:32-07:00","25.686","25.611","25.413"
"2021-09-02T13:43:32-07:00","25.755","25.681","25.483"
"2021-09-02T13:44:32-07:00","25.830","25.755","25.559"
"2021-09-02T13:45:32-07:00","25.900","25.828","25.628"
"2021-09-02T13:46:32-07:00","25.962","25.888","25.691"
"2021-09-02T13:47:32-07:00","26.032","25.958","25.759"
"2021-09-02T13:48:32-07:00","26.092","26.014","25.819"
"2021-09-02T13:49:32-07:00","26.155","26.080","25.883"
"2021-09-02T13:50:32-07:00","26.223","26.147","25.949"
"2021-09-02T13:51:32-07:00","26.285","26.205","26.011"
"2021-09-02T13:52:32-07:00","26.342","26.267","26.067"
"2021-09-02T13:53:32-07:00","26.404","26.324","26.128"
"2021-09-02T13:54:32-07:00","26.464","26.385","26.189"
"2021-09-02T13:55:32-07:00","26.516","26.437","26.244"
"2021-09-02T13:56:32-07:00","26.571","26.491","26.298"
"2021-09-02T13:57:32-07:00","26.630","26.548","26.359"
"2021-09-02T13:58:32-07:00","26.687","26.608","26.415"
"2021-09-02T13:59:32-07:00","26.737","26.655","26.464"
"2021-09-02T14:00:32-07:00","26.793","26.710","26.519"
"2021-09-02T14:01:32-07:00","26.844","26.756","26.568"
"2021-09-02T14:02:32-07:00","26.881","26.782","26.602"
"2021-09-02T14:03:32-07:00","26.904","26.799","26.621"
"2021-09-02T14:04:32-07:00","26.905","26.795","26.620"
"2021-09-02T14:05:32-07:00","26.899","26.788","26.618"
"2021-09-02T14:06:32-07:00","26.893","26.782","26.609"
"2021-09-02T14:07:32-07:00","26.893","26.784","26.609"
"2021-09-02T14:08:32-07:00","26.885","26.776","26.605"
"2021-09-02T14:09:32-07:00","26.880","26.773","26.602"
"2021-09-02T14:10:32-07:00","26.888","26.786","26.611"
"2021-09-02T14:11:32-07:00","26.872","26.799","26.618"
"2021-09-02T14:12:32-07:00","26.891","26.796","26.621"
"2021-09-02T14:13:32-07:00","26.908","26.805","26.634"
"2021-09-02T14:14:32-07:00","26.914","26.815","26.644"
"2021-09-02T14:15:32-07:00","26.930","26.828","26.656"
"2021-09-02T14:16:32-07:00","26.931","26.828","26.653"
"2021-09-02T14:17:32-07:00","26.935","26.833","26.660"
"2021-09-02T14:18:32-07:00","26.939","26.834","26.664"
"2021-09-02T14:19:32-07:00","26.950","26.845","26.675"
"2021-09-02T14:20:32-07:00","26.969","26.860","26.689"
"2021-09-02T14:21:32-07:00","26.976","26.868","26.699"
"2021-09-02T14:22:32-07:00","26.991","26.886","26.712"
"2021-09-02T14:23:32-07:00","27.004","26.896","26.728"
"2021-09-02T14:24:32-07:00","27.018","26.914","26.750"
"2021-09-02T14:25:32-07:00","27.052","26.943","26.775"
"2021-09-02T14:26:32-07:00","27.064","26.955","26.788"
"2021-09-02T14:27:32-07:00","27.087","26.982","26.815"
"2021-09-02T14:28:32-07:00","27.109","27.001","26.834"
"2021-09-02T14:29:32-07:00","27.130","27.022","26.860"
"2021-09-02T14:30:32-07:00","27.143","27.035","26.875"
"2021-09-02T14:31:32-07:00","27.156","27.050","26.892"
"2021-09-02T14:32:32-07:00","27.183","27.080","26.920"
"2021-09-02T14:33:32-07:00","27.225","27.125","26.960"
"2021-09-02T14:34:32-07:00","27.290","27.197","27.024"
"2021-09-02T14:35:32-07:00","27.380","27.288","27.110"
"2021-09-02T14:36:32-07:00","27.478","27.390","27.206"
"2021-09-02T14:37:32-07:00","27.578","27.488","27.305"
"2021-09-02T14:38:32-07:00","27.673","27.584","27.401"
"2021-09-02T14:39:32-07:00","27.780","27.695","27.505"
"2021-09-02T14:40:32-07:00","27.886","27.795","27.613"
"2021-09-02T14:41:32-07:00","27.977","27.888","27.703"
"2021-09-02T14:42:32-07:00","28.066","27.979","27.792"
"2021-09-02T14:43:32-07:00","28.158","28.070","27.881"
"2021-09-02T14:44:32-07:00","28.242","28.155","27.970"
"2021-09-02T14:45:32-07:00","28.329","28.238","28.053"
"2021-09-02T14:46:32-07:00","28.421","28.333","28.145"
"2021-09-02T14:47:32-07:00","28.511","28.423","28.234"
"2021-09-02T14:48:32-07:00","28.595","28.509","28.316"
"2021-09-02T14:49:32-07:00","28.682","28.592","28.403"
"2021-09-02T14:50:32-07:00","28.763","28.675","28.483"
"2021-09-02T14:51:32-07:00","28.843","28.754","28.564"
"2021-09-02T14:52:32-07:00","28.923","28.833","28.645"
"2021-09-02T14:53:32-07:00","28.999","28.909","28.725"
"2021-09-02T14:54:32-07:00","29.072","28.982","28.797"
"2021-09-02T14:55:32-07:00","29.147","29.056","28.872"
"2021-09-02T14:56:32-07:00","29.223","29.134","28.947"
"2021-09-02T14:57:32-07:00","29.299","29.209","29.025"
"2021-09-02T14:58:32-07:00","29.373","29.284","29.098"
"2021-09-02T14:59:32-07:00","29.436","29.347","29.161"
"2021-09-02T15:00:32-07:00","29.503","29.412","29.228"
"2021-09-02T15:01:32-07:00","29.566","29.474","29.290"
"2021-09-02T15:02:32-07:00","29.632","29.539","29.356"
"2021-09-02T15:03:32-07:00","29.694","29.601","29.417"
"2021-09-02T15:04:32-07:00","29.763","29.671","29.486"
"2021-09-02T15:05:32-07:00","29.817","29.726","29.541"
"2021-09-02T15:06:32-07:00","29.876","29.784","29.598"
"2021-09-02T15:07:32-07:00","29.932","29.841","29.654"
"2021-09-02T15:08:32-07:00","29.995","29.904","29.717"
"2021-09-02T15:09:32-07:00","30.054","29.966","29.784"
"2021-09-02T15:10:32-07:00","30.115","30.029","29.846"
"2021-09-02T15:11:32-07:00","30.181","30.096","29.916"
"2021-09-02T15:12:32-07:00","30.249","30.166","29.987"
"2021-09-02T15:13:32-07:00","30.326","30.241","30.062"
"2021-09-02T15:14:32-07:00","30.397","30.313","30.132"
"2021-09-02T15:15:32-07:00","30.466","30.381","30.201"
"2021-09-02T15:16:32-07:00","30.538","30.453","30.271"
"2021-09-02T15:17:32-07:00","30.607","30.519","30.336"
"2021-09-02T15:18:32-07:00","30.675","30.587","30.401"
"2021-09-02T15:19:32-07:00","30.742","30.655","30.465"
"2021-09-02T15:20:32-07:00","30.804","30.715","30.529"
"2021-09-02T15:21:32-07:00","30.868","30.782","30.598"
"2021-09-02T15:22:32-07:00","30.940","30.857","30.673"
"2021-09-02T15:23:32-07:00","31.013","30.929","30.752"
"2021-09-02T15:24:32-07:00","31.090","31.010","30.832"
"2021-09-02T15:25:32-07:00","31.170","31.091","30.915"
"2021-09-02T15:26:32-07:00","31.246","31.166","30.989"
"2021-09-02T15:27:32-07:00","31.327","31.245","31.070"
"2021-09-02T15:28:32-07:00","31.405","31.323","31.148"
"2021-09-02T15:29:32-07:00","31.480","31.396","31.220"
"2021-09-02T15:30:32-07:00","31.553","31.469","31.295"
"2021-09-02T15:31:32-07:00","31.623","31.539","31.363"
"2021-09-02T15:32:32-07:00","31.699","31.616","31.440"
"2021-09-02T15:33:32-07:00","31.767","31.682","31.504"
"2021-09-02T15:34:32-07:00","31.833","31.747","31.573"
"2021-09-02T15:35:32-07:00","31.897","31.807","31.636"
"2021-09-02T15:36:32-07:00","31.952","31.860","31.691"
"2021-09-02T15:37:32-07:00","31.986","31.890","31.719"
"2021-09-02T15:38:32-07:00","31.983","31.883","31.710"
"2021-09-02T15:39:32-07:00","31.967","31.865","31.698"
"2021-09-02T15:40:32-07:00","31.945","31.842","31.676"
"2021-09-02T15:41:32-07:00","31.914","31.811","31.644"
"2021-09-02T15:42:32-07:00","31.882","31.775","31.613"
"2021-09-02T15:43:32-07:00","31.857","31.749","31.592"
"2021-09-02T15:44:32-07:00","31.863","31.753","31.593"
"2021-09-02T15:45:32-07:00","31.842","31.759","31.600"
"2021-09-02T15:46:32-07:00","31.864","31.765","31.607"
"2021-09-02T15:47:32-07:00","31.882","31.778","31.619"
"2021-09-02T15:48:32-07:00","31.895","31.788","31.630"
"2021-09-02T15:49:32-07:00","31.911","31.807","31.643"
"2021-09-02T15:50:32-07:00","31.913","31.806","31.640"
"2021-09-02T15:51:32-07:00","31.891","31.789","31.616"
"2021-09-02T15:52:32-07:00","31.880","31.774","31.606"
"2021-09-02T15:53:32-07:00","31.905","31.788","31.616"
"2021-09-02T15:54:32-07:00","31.897","31.797","31.628"
"2021-09-02T15:55:32-07:00","31.911","31.810","31.642"
"2021-09-02T15:56:32-07:00","31.925","31.826","31.658"
"2021-09-02T15:57:32-07:00","31.941","31.831","31.669"
"2021-09-02T15:58:32-07:00","31.951","31.855","31.688"
"2021-09-02T15:59:32-07:00","31.970","31.869","31.703"
"2021-09-02T16:00:32-07:00","31.983","31.879","31.708"
"2021-09-02T16:01:32-07:00","32.000","31.898","31.729"
"2021-09-02T16:02:32-07:00","32.017","31.911","31.745"
"2021-09-02T16:03:32-07:00","32.031","31.932","31.765"
"2021-09-02T16:04:32-07:00","32.042","31.945","31.779"
"2021-09-02T16:05:32-07:00","32.039","31.979","31.768"
"2021-09-02T16:06:32-07:00","32.021","32.019","31.782"
"2021-09-02T16:07:32-07:00","31.986","31.992","31.732"
"2021-09-02T16:08:32-07:00","31.960","31.991","31.696"
"2021-09-02T16:09:32-07:00","31.928","31.971","31.697"
"2021-09-02T16:10:32-07:00","31.904","31.955","31.669"
"2021-09-02T16:11:32-07:00","31.891","31.938","31.663"
"2021-09-02T16:12:32-07:00","31.861","31.919","31.651"
"2021-09-02T16:13:32-07:00","31.815","31.894","31.617"
"2021-09-02T16:14:32-07:00","31.796","31.878","31.566"
"2021-09-02T16:15:32-07:00","31.763","31.839","31.564"
"2021-09-02T16:16:32-07:00","31.744","31.821","31.526"
"2021-09-02T16:17:32-07:00","31.727","31.793","31.509"
"2021-09-02T16:18:32-07:00","31.708","31.781","31.475"
"2021-09-02T16:19:32-07:00","31.677","31.755","31.458"
"2021-09-02T16:20:32-07:00","31.657","31.740","31.433"
"2021-09-02T16:21:32-07:00","31.641","31.718","31.421"
"2021-09-02T16:22:32-07:00","31.612","31.687","31.390"
"2021-09-02T16:23:32-07:00","31.590","31.672","31.367"
"2021-09-02T16:24:32-07:00","31.565","31.649","31.341"
"2021-09-02T16:25:32-07:00","31.542","31.623","31.327"
"2021-09-02T16:26:32-07:00","31.515","31.607","31.295"
"2021-09-02T16:27:32-07:00","31.490","31.585","31.279"
"2021-09-02T16:28:32-07:00","31.470","31.566","31.263"
"2021-09-02T16:29:32-07:00","31.443","31.541","31.246"
"2021-09-02T16:30:32-07:00","31.415","31.521","31.212"
"2021-09-02T16:31:32-07:00","31.398","31.503","31.198"
"2021-09-02T16:32:32-07:00","31.376","31.483","31.175"
"2021-09-02T16:33:32-07:00","31.358","31.466","31.163"
"2021-09-02T16:34:32-07:00","31.332","31.445","31.142"
"2021-09-02T16:35:32-07:00","31.307","31.418","31.106"
"2021-09-02T16:36:32-07:00","31.290","31.401","31.098"
"2021-09-02T16:37:32-07:00","31.264","31.377","31.076"
"2021-09-02T16:38:32-07:00","31.235","31.356","31.068"
"2021-09-02T16:39:32-07:00","31.212","31.335","31.033"
"2021-09-02T16:40:32-07:00","31.191","31.322","31.022"
"2021-09-02T16:41:32-07:00","31.170","31.305","31.013"
"2021-09-02T16:42:32-07:00","31.145","31.284","30.989"
"2021-09-02T16:43:32-07:00","31.124","31.265","30.978"
"2021-09-02T16:44:32-07:00","31.098","31.243","30.946"
"2021-09-02T16:45:32-07:00","31.082","31.227","30.932"
"2021-09-02T16:46:32-07:00","31.063","31.208","30.916"
"2021-09-02T16:47:32-07:00","31.042","31.195","30.899"
"2021-09-02T16:48:32-07:00","31.025","31.179","30.881"
"2021-09-02T16:49:32-07:00","31.010","31.161","30.871"
"2021-09-02T16:50:32-07:00","30.991","31.150","30.856"
"2021-09-02T16:51:32-07:00","30.971","31.140","30.845"
"2021-09-02T16:52:32-07:00","30.954","31.124","30.833"
"2021-09-02T16:53:32-07:00","30.937","31.110","30.814"
"2021-09-02T16:54:32-07:00","30.921","31.098","30.799"
"2021-09-02T16:55:32-07:00","30.906","31.085","30.789"
