individual,date,FS_channel,trial,bath_location,temp_increment,group,groups_simplified,externa_length,externa_width,externa_area,ext_biomass,ext_dactyl,externa_colour,starvation_date,starv_time,crab_biomass,dactyl,shell_type,shell_height,crab_water_volume_ml,crab_water_volume_L,control_water_ml,control_water_L,crab_slope_raw,temperature,control_slope_raw,crab_slope_vol_corrected,control_slope_volume_corrected,drift_corrected,met_rate_raw,met_rate,log_met_rate,,,experiment_survival,24_hour_survival,Note,,
19,2021-8-1,1,1,D,12,infected,infected,,,0,0,0,orange,2021-7-27,5,0.013,2.4,littorina_scutulata,6.1,23.57292,0.02357292,23.73854,0.02373854,-0.0020493,12.300885,-0.0013434,-0.00004830798496,-0.00003189035464,-0.00001641763032,-0.00126289464,1.26289464,0.10136712,,,yes,yes,Removed this trial from analysis due to only one point calibration ,,
22,2021-8-1,2,1,C,12,nonovigerous,uninfected,,,0,0,0,,2021-7-27,,0.044,5.1,,7.3,23.37888,0.02337888,23.58566,0.02358566,-0.0062632,12.300885,0.00064777,-0.0001464266012,0.00001527808298,-0.0001617046842,-0.003675106459,3.675106459,0.5652699241,,,yes,yes,,,
43,2021-8-1,3,1,B,12,ovigerous,ovigerous,,,0,0,0,,2021-7-28,,0.031,3.6,,,23.48766,0.02348766,23.69738,0.02369738,-0.0039119,12.300885,-0.0002699,-0.00009188137715,-0.000006395922862,-0.00008548545429,-0.0027575953,2.7575953,0.4405305302,,,yes,yes,"not randomly picked, but only one with eggs in jar. had eggs during experiment by August 4 they were gone",,
18,2021-8-1,4,1,A,12,nonovigerous,uninfected,,,0,0,#DIV/0!,,2021-7-27,,0.007,,,,23.41416,0.02341416,23.57194,0.02357194,-0.0010847,12.300885,7.06E-05,-0.00002539733935,1.66E-06,-2.71E-05,-3.87E-03,3.87E+00,0.5872541195,,,yes,no,This run has the weird calibration,,
8,2021-8-5,1,2,D,12,former_ovigerous,uninfected,,,0,0,0,,2021-7-29,7,0.02,1,littorina_scutulata,6.5,23.63368,0.02363368,23.73854,0.02373854,-0.0026498,12.7755852,-0.000488,-0.00006262452526,-0.00001158440752,-0.00005104011774,-0.002552005887,2.552005887,0.4068816719,,,yes,no,checked survival for trial on Aug 8 mornign,,
2,2021-8-5,2,2,C,12,hyper_infected,hyper_infected,,,0,0,0,hyper,2021-7-29,,0.051,1.9,littorina_sitkana,7.4,23.373,0.023373,23.58566,0.02358566,-0.0071027,12.7755852,0.00025507,-0.0001660114071,0.000006015994296,-0.0001720274014,-0.003373086302,3.373086302,0.5280274529,,,yes,no,checked survival for trial on Aug 8 mornign,,
30,2021-8-5,3,2,B,12,nonovigerous,uninfected,,,0,0,0,,2021-7-29,,0.013,0.9,littorina_scutulata,5.1,23.62584,0.02362584,23.69738,0.02369738,-0.0018473,12.7755852,-0.0003717,-0.00004364401423,-0.000008808316146,-0.00003483569809,-0.002679669084,2.679669084,0.4280811656,,,yes,no,checked survival for trial on Aug 8 mornign,,figure out why there is a 32C control take 2  (used take 2 in datafile
29,2021-8-5,4,2,A,12,former_ovigerous,uninfected,,,0,0,0,,2021-7-29,,0.018,1.2,,6,23.38182,0.02338182,23.57194,0.02357194,-0.0013816,12.7755852,0.00018799,-0.00003230432251,0.000004431289001,-0.00003673561151,-0.002040867306,2.040867306,0.3098147685,,,yes,yes,checked survival for trial on Aug 8 mornign,,
7,2021-8-6,1,3,D,12,former_ovigerous,uninfected,,,0,0,0,,2021-7-30,7,0.013,1.7,littorina_scutulata,5.1,23.59546,0.02359546,23.53666,0.02353666,-0.0019823,12.3193235,-6.48E-05,-0.00004677328036,-1.53E-06,-4.52E-05,-3.48E-03,3.48E+00,0.5416570413,,,yes,no,checked survival for trial on Aug 8 mornign,,
6,2021-8-6,2,3,C,12,former_ovigerous,uninfected,,,0,0,0,,2021-7-30,,0.011,1.3,,3.5,23.40142,0.02340142,23.37104,0.02337104,-0.0020121,12.3193235,-0.0004249,-0.00004708599718,-0.000009930354896,-0.00003715564229,-0.003377785662,3.377785662,0.5286320879,,,yes,yes,checked survival for trial on Aug 8 mornign,,
40,2021-8-6,3,3,B,12,infected_isopod,infected_isopod,,,0,0,0,,2021-7-30,,0.033,2.3,,,23.4514,0.0234514,23.48276,0.02348276,-0.0079271,12.3193235,0.00022958,-0.0001859015929,0.000005391172041,-0.000191292765,-0.005796750454,5.796750454,0.7631846047,,,yes,yes,checked survival for trial on Aug 8 mornign,,
9,2021-8-6,4,3,A,12,nonovigerous,uninfected,,,0,0,0,,2021-7-30,,0.008,1.2,,,23.45042,0.02345042,23.40142,0.02340142,-0.0015238,12.3193235,-0.0004334,-0.00003573375,-0.00001014217543,-0.00002559157457,-0.003198946821,3.198946821,0.5050070205,,,yes,NA,checked survival for trial on Aug 8 mornign,,
54,2021-8-8,1,4,D,12,hyper_infected,hyper_infected,,,0,0,0,hyper,2021-7-31,8,0.019,1.6,littorina_sitkana,5.5,23.5445,0.0235445,23.53666,0.02353666,-0.0027242,12.1387782,-0.0002821,-0.0000641399269,-0.000006639691786,-0.00005750023511,-0.003026328164,3.026328164,0.4809160195,,,yes,no,"late check: checked aug 10 not 100% sure this is a lirio, was small.  chance it could be a second ext.",,
24,2021-8-8,2,4,C,12,former_ovigerous,uninfected,,,0,0,0,,2021-7-31,,0.017,1.5,littorina_scutulata,7,23.43082,0.02343082,23.37104,0.02337104,-0.003101,12.1387782,-0.0001297,-0.00007265897282,-0.000003031223888,-0.00006962774893,-0.004095749937,4.095749937,0.6123334333,,,yes,yes,late check: checked aug 10,,
35,2021-8-8,3,4,B,12,former_ovigerous,uninfected,,,0,0,0,,2021-7-31,,0.018,1.6,littorina_scutulata,7.3,23.56214,0.02356214,23.48276,0.02348276,-0.003336,12.1387782,-0.0006384,-0.00007860329904,-0.00001499139398,-0.00006361190506,-0.003533994725,3.533994725,0.548265897,,,yes,yes,late check: checked aug 10,,
3,2021-8-8,4,4,A,12,nonovigerous,uninfected,,,0,0,0,,2021-7-31,,0.011,1.4,littorina_scutulata,6.1,23.43278,0.02343278,23.40142,0.02340142,-0.0017684,12.1387782,0.00049559,-0.00004143852815,0.00001159750974,-0.00005303603789,-0.00482145799,4.82145799,0.683178387,,,yes,no,late check: checked aug 10,,
48,2021-8-9,1,5,D,12,former_ovigerous,uninfected,,,0,0,0,,2021-8-1,8,0.043,2.5,littorina_sitkana,7.6,23.57782,0.02357782,23.53666,0.02353666,-0.0061141,12.0574807,-0.0012391,-0.0001441571493,-0.00002916427541,-0.0001149928739,-0.00267425288,2.67425288,0.4272024722,,,yes,yes,,,
11,2021-8-9,2,5,C,12,infected_isopod,infected_isopod,,,0,0,0,,2021-8-1,,0.011,1.5,littorina_scutulata,6.1,23.4808,0.0234808,23.37104,0.02337104,-0.0030181,12.0574807,-0.001051,-0.00007086740248,-0.00002456296304,-0.00004630443944,-0.004209494495,4.209494495,0.6242299459,,,yes,no,,,
14,2021-8-9,3,5,B,12,infected,infected,2.5,0.9,2.25,97.82608696,1.125,red,2021-8-1,,0.023,2,littorina_scutulata,7.2,23.50138,0.02350138,23.48276,0.02348276,-0.0080927,12.0574807,-0.0003503,-0.0001901896179,-0.000008226010828,-0.0001819636071,-0.007911461178,7.911461178,0.8982567013,,,yes,yes,,,
31,2021-8-9,4,5,A,12,former_ovigerous,uninfected,,,0,0,0,,2021-8-1,,0.011,1.5,littorina_scutulata,5.8,23.42298,0.02342298,23.40142,0.02340142,-0.0033322,12.0574807,-0.0011506,-0.00007805005396,-0.00002692567385,-0.0000511243801,-0.004647670919,4.647670919,0.66723537,,,yes,yes,,,
26,2021-8-10,1,6,D,12,infected,infected,1.6,0.6,0.96,87.27272727,0.6857142857,orange,2021-8-2,8,0.011,1.4,littorina_scutulata,5,23.58174,0.02358174,23.53666,0.02353666,-0.004191,12.0100263,-0.0008867,-0.00009883107234,-0.00002086995642,-0.00007796111592,-0.007087374174,7.087374174,0.8504853617,,,yes,no,,,
4,2021-8-10,2,6,C,12,former_ovigerous,uninfected,,,0,0,0,,2021-8-2,,0.017,1.6,littorina_scutulata,7.5,23.4661,0.0234661,23.37104,0.02337104,-0.0019341,12.4450842,-0.000879,-0.00004538578401,-0.00002054314416,-0.00002484263985,-0.001461331756,1.461331756,0.164748822,,,yes,yes,,,
23,2021-8-10,3,6,B,12,former_ovigerous,uninfected,,,0,0,0,,2021-8-2,,0.024,2.1,littorina_sitkana,6.6,23.53176,0.02353176,23.48276,0.02348276,-0.0046451,12.0100263,-0.0004253,-0.0001093073784,-0.000009987217828,-0.00009932016055,-0.004138340023,4.138340023,0.6168261712,,,yes,yes,,,
13,2021-8-10,4,6,A,12,nonovigerous,uninfected,,,0,0,0,,2021-8-2,,0.029,2.2,littorina_sitkana,6.5,23.41318,0.02341318,23.40142,0.02340142,-0.007128,12.0100263,-0.0009628,-0.000166889147,-0.00002253088718,-0.0001443582599,-0.00497787103,4.97787103,0.6970436404,,,yes,yes,,,
27,2021-8-11,1,7,D,12,former_ovigerous,uninfected,,,0,0,0,,2021-8-4,7,0.024,1.7,littorina_scutulata,7.4,23.58566,0.02358566,23.53666,0.02353666,-0.004581,12.1878333,-0.0006454,-0.0001080459085,-0.00001519056036,-0.0000928553481,-0.003868972837,3.868972837,0.5875956807,,,yes,no,"late survival check, august 14",,
20,2021-8-11,2,7,C,12,infected,infected,1.6,0.8,1.28,80,0.7111111111,orange/red,2021-8-4,,0.016,1.8,littorina_scutulata,7.3,23.40534,0.02340534,23.37104,0.02337104,-0.0026623,12.1878333,-0.0005111,-0.00006231203668,-0.00001194493854,-0.00005036709814,-0.003147943634,3.147943634,0.4980269474,,,yes,no,"late survival check, august 14",,
49,2021-8-11,3,7,B,12,infected,infected,,,0,0,0,,2021-8-4,,0.016,1.7,littorina_scutulata,6.7,23.55038,0.02355038,23.48276,0.02348276,-0.002165,12.1878333,-0.0003995,-0.0000509865727,-0.00000938136262,-0.00004160521008,-0.00260032563,2.60032563,0.4150277366,,,yes,no,"late survival check, august 14",,
17,2021-8-11,4,7,A,12,nonovigerous,uninfected,,,0,0,0,,2021-8-4,,0.015,1.4,littorina_scutulata,6.5,23.38378,0.02338378,23.40142,0.02340142,-0.0032966,12.1878333,-0.0010987,-0.00007708696915,-0.00002571114015,-0.00005137582899,-0.003425055266,3.425055266,0.5346675836,,,yes,no,"late survival check, august 14",,
32,2021-8-14,1,8,D,12,former_ovigerous,uninfected,,,0,0,0,,2021-8-8,6,0.014,1.9,littorina_scutulata,6.4,23.65328,0.02365328,23.53666,0.02353666,-0.0029526,12.1014053,-0.0009109,-0.00006983867453,-0.00002143954359,-0.00004839913093,-0.003457080781,3.457080781,0.5387095277,,,yes,no,,,
33,2021-8-14,2,8,C,12,infected,infected,1.5,0.4,0.6,37.5,0.3333333333,orange/red,2021-8-8,,0.016,1.8,littorina_scutulata,7.4,23.37986,0.02337986,23.37104,0.02337104,-0.0034366,12.1014053,-0.0011807,-0.00008034722688,-0.00002759418693,-0.00005275303995,-0.003297064997,3.297064997,0.5181275087,,,yes,yes,,,
36,2021-8-14,3,8,B,12,infected,infected,,,0,#VALUE!,#DIV/0!,,2021-8-8,,dead,,,,NA,NA,42.31248,0.04231248,NA,NA,NA,#VALUE!,#VALUE!,#VALUE!,NA,NA,NA,,,yes,no,,,
46,2021-8-14,4,8,A,12,nonovigerous,uninfected,,,0,0,0,,2021-8-8,,0.011,1.6,littorina_scutulata,5.4,23.41416,0.02341416,23.40142,0.02340142,-0.0025761,12.1014053,-0.0009504,-0.00006031721758,-0.00002224070957,-0.00003807650801,-0.003461500728,3.461500728,0.5392644273,,,yes,yes,,,
15,2021-8-15,1,9,D,12,infected,infected,2.4,0.9,2.16,120,1.028571429,orange,2021-8-9,6,0.018,2.1,littorina_sitkana,6.4,23.58076,0.02358076,23.53666,0.02353666,-0.0016017,12.1497373,-0.0011313,-0.00003776930329,-0.00002662702346,-0.00001114227983,-0.0006190155463,0.6190155463,-0.2082984437,,,yes,no,"late survival check, aug 20",,
44,2021-8-15,2,9,C,12,nonovigerous,uninfected,,,0,0,0,,2021-8-9,,0.017,2.2,littorina_scutulata,7.9,23.44258,0.02344258,23.37104,0.02337104,-0.0034969,12.1497373,-0.0008152,-0.000081976358,-0.00001905207181,-0.00006292428619,-0.0037014286,3.7014286,0.5683693763,,,yes,yes,"late survival check, aug 17",,
52,2021-8-15,3,9,B,12,infected,infected,2.3,0.7,1.61,76.66666667,0.6708333333,orange,2021-8-9,,0.021,2.4,littorina_scutulata,7.6,23.56214,0.02356214,23.52882,0.02352882,-0.0053067,12.1497373,-0.0012689,-0.0001250372083,-0.0000298557197,-0.00009518148864,-0.00453245184,4.53245184,0.6563331982,,,yes,no,"late survival check, aug 19",,
16,2021-8-15,4,9,A,12,former_ovigerous,uninfected,,,0,0,0,,2021-8-9,,0.02,2.1,littorina_scutulata,6.5,23.42984,0.02342984,23.42396,0.02342396,-0.0028188,12.1497373,-0.0023976,-0.00006604403299,-0.0000561612865,-0.000009882746496,-0.0004941373248,0.4941373248,-0.3061523403,,,yes,yes,"late survival check, aug 18",,
12,2021-8-25,1,10,D,12,infected,infected,2.3,0.9,2.07,64.6875,0.9857142857,orange,2021-8-17,8,0.032,2.1,littorina_sitkana,7.4,23.57292,0.02357292,23.53666,0.02353666,-0.0036703,12.0066193,-0.0002076,-0.00008651968828,-0.000004886210616,-0.00008163347766,-0.002551046177,2.551046177,0.4067183199,,,yes,no,,,
10,2021-8-25,NA,10,NA,12,former_ovigerous,uninfected,,,0,#VALUE!,#DIV/0!,,2021-8-17,,NA,,,,NA,NA,23.37104,0.02337104,NA,NA,NA,#VALUE!,#VALUE!,#VALUE!,NA,NA,NA,,,yes,NA,,,
1,2021-8-25,3,10,B,12,infected,infected,1.4,0.4,0.56,46.66666667,0.2947368421,orange,2021-8-17,,0.012,1.9,littorina_scutulata,6.4,23.52392,0.02352392,23.52882,0.02352882,-0.0009456,12.0066193,0.0006281,-0.00002224421875,0.00001477845184,-0.00003702267059,-0.00308522255,3.08522255,0.4892864969,,,yes,no,,,
51,2021-8-25,4,10,A,12,nonovigerous,uninfected,,,0,0,0,,2021-8-17,,0.012,1.7,littorina_scutulata,6.5,23.47198,0.02347198,23.42396,0.02342396,-0.0010396,12.0066193,0.00074677,-0.00002440147041,0.00001749231061,-0.00004189378102,-0.003491148418,3.491148418,0.5429683122,,,yes,no,check aug 28,,
42,2021-8-28,1,11,D,12,former_ovigerous,uninfected,,,0,0,0,,2021-8-24,4,0.067,2.6,littorina_sitkana,6.9,23.43964,0.02343964,23.58468,0.02358468,-0.0120468,12.1950439,1.53E-04,-0.0002823726552,3.61E-06,-2.86E-04,-4.27E-03,4.27E+00,0.6302629048,,,yes,no,,,
47,2021-8-28,2,11,C,12,infected,infected,1.2,0.5,0.6,50,0.4,orange,2021-8-24,,0.012,1.5,littorina_scutulata,5.1,23.42788,0.02342788,23.42984,0.02342984,-0.0024162,12.1950439,0.00061612,-0.00005660644366,0.00001443559302,-0.00007104203668,-0.005920169723,5.920169723,0.7723341575,,,yes,no,x,,
38,2021-8-28,3,11,B,12,infected_isopod,infected,,,0,0,0,,2021-8-24,,0.083,3.4,littorina_sitkana,6.2,23.48472,0.02348472,23.52882,0.02352882,-0.0086513,12.1950439,-0.0001021,-0.0002031733581,-0.000002402292522,-0.0002007710656,-0.002418928501,2.418928501,0.3836230317,,,yes,no,,,
46,2021-8-28,4,11,A,12,infected,uninfected,0.7,0.3,0.21,26.25,0.15,clear,2021-8-24,,0.008,1.4,littorina_scutulata,5.1,23.389366,0.023389366,23.42396,0.02342396,-0.0021097,12.1950439,1.48E-04,-0.00004934454545,3.47E-06,-5.28E-05,-6.6E-03,6.6E+00,0.8196502852,,,yes,no,,,
53,2021-8-29,1,12,D,12,infected,infected,1.8,0.7,1.26,60,0.7411764706,orange,2021-8-24,,0.021,1.7,,,23.50432,0.02350432,23.58468,0.02358468,-0.0042448,12.5228787,-0.0010117,-0.00009977113754,-0.00002386062076,-0.00007591051678,-0.003614786513,3.614786513,0.5580826533,,,yes,no,check aug 30,,
17c,2021-8-29,2,12,C,12,infected,infected,1.8,0.7,1.26,70,0.6631578947,orange,2021-8-24,5,0.018,1.9,,,23.3387,0.0233387,23.42984,0.02342984,-0.0039372,12.5228787,-0.0013394,-0.00009188912964,-0.0000313819277,-0.00006050720194,-0.003361511219,3.361511219,0.5265345651,,,yes,yes,"mistake, that this one was used, not properly starved ",,
19b,2021-8-29,3,12,B,12,infected,infected,2,0.8,1.6,100,0.7272727273,orange,2021-8-24,,0.016,2.2,,,23.5396,0.0235396,23.52882,0.02352882,-0.0047164,12.5228787,-0.0008625,-0.0001110221694,-0.00002029360725,-0.00009072856219,-0.005670535137,5.670535137,0.7536240458,,,yes,yes,,,
8b,2021-8-29,4,12,A,12,nonovigerous,uninfected,,,0,0,0,,2021-8-24,,0.018,1.7,,,23.38182,0.02338182,23.42396,0.02342396,-0.0055471,12.5228787,-0.0008128,-0.0001297012937,-0.00001903899469,-0.000110662299,-0.006147905502,6.147905502,0.7887271834,,,yes,unsure survival,,,
21b,2021-8-30,1,13,D,12,former_ovigerous,uninfected,,,0,0,0,,2021-8-25,5,0.02,1.9,,,23.54646,0.02354646,23.58468,0.02358468,-0.0056784,12.1876889,0.0004504003026,-0.0001337062185,0.00001062254701,-0.0001443287655,-0.007216438274,7.216438274,0.8583229012,,,yes,,,,
13c,2021-8-30,2,13,C,12,infected,infected,1.3,0.4,0.52,52,0.3466666667,orange,2021-8-25,,0.01,1.5,,,23.37594,0.02337594,23.42984,0.02342984,-0.0032603,12.1876889,-0.001323791853,-0.00007621257718,-0.00003101623131,-0.00004519634587,-0.004519634587,4.519634587,0.6551033235,,,yes,,,,
18b,2021-8-30,3,13,B,12,infected,infected,,,0,0,0,orange,2021-8-25,,0.031,2.2,,,23.35536,0.02335536,23.52882,0.02352882,-0.0065378,12.1876889,-0.003097984009,-0.0001526926726,-0.00007289190811,-0.0000798007645,-0.00257421821,2.57421821,0.4106453581,,,yes,,,,
39,2021-8-30,4,13,A,12,infected,infected,1.8,0.6,1.08,98.18181818,0.72,orange,2021-8-25,,0.011,1.5,,,23.471,0.023471,23.42396,0.02342396,-0.0040169,12.1876889,-0.004872176165,-0.0000942806599,-0.0001141256596,0.0000198449997,0.001804090881,-1.804090881,NA,,,yes,,,,
7b,2021-8-31,1,14,D,12,infected,infected,1.6,0.5,0.8,28.57142857,0.4,orange/red,2021-8-25,6,0.028,2,,,23.55528,0.02355528,23.58468,0.02358468,-0.0055237,12.2596772,-0.0011008,-0.0001301123001,-0.00002596201574,-0.0001041502844,-0.003719653014,3.719653014,0.5705024288,,,yes,,,,
2b,2021-8-31,2,14,C,12,infected,infected,1.1,0.7,0.77,40.52631579,0.48125,orange,2021-8-25,,0.019,1.6,,,23.43474,0.02343474,23.42984,0.02342984,-0.0026321,12.2596772,-0.0001391,-0.00006168257915,-0.000003259090744,-0.00005842348841,-0.003074920443,3.074920443,0.4878338838,,,yes,,,,
30b,2021-8-31,3,14,B,12,former_ovigerous,uninfected,,,0,#VALUE!,#DIV/0!,,2021-8-25,,NA,,,,NA,NA,23.52882,0.02352882,-0.0030695,12.2596772,-0.0010238,#VALUE!,-0.00002408880592,#VALUE!,NA,NA,NA,,,yes,,,,
54b,2021-8-31,4,14,A,12,nonovigerous,uninfected,,,0,0,0,,2021-8-25,,0.012,1.9,,,23.36418,0.02336418,23.42396,0.02342396,-0.0050329,12.2596772,-0.001448,-0.0001175895815,-0.00003391789408,-0.00008367168744,-0.00697264062,6.97264062,0.8433972816,,,yes,,,,
40c,2021-9-1,1,15,D,12,nonovigerous,uninfected,,,0,0,0,,2021-8-28,4,0.004,1.2,,,23.60722,0.02360722,23.58468,0.02358468,-0.0020102,12.3357,-0.0003908,-0.00004745523364,-0.000009216892944,-0.0000382383407,-0.009559585175,9.559585175,0.9804390471,,,yes,missing?? check other notes,,,
3b,2021-9-1,2,15,C,12,infected,infected,2.3,0.6,1.38,33.65853659,0.575,orange,2021-8-28,,0.041,2.4,,,23.31616,0.02331616,23.42984,0.02342984,-0.0065167,12.3357,2.57E-05,-0.0001519444199,6.02E-07,-1.53E-04,-3.72E-03,3.72E+00,0.5706185811,,,yes,yes,,,
32c,2021-9-1,3,15,B,12,infected,infected,1,0.3,0.3,27.27272727,0.2,orange,2021-8-28,,0.011,1.5,,,23.50334,0.02350334,23.52882,0.02352882,-0.0035822,12.3357,-0.0005062,-0.00008419366455,-0.00001191028868,-0.00007228337586,-0.006571215988,6.571215988,0.8176457421,,,yes,no,,,
11b,2021-9-1,4,15,A,12,infected,infected,0.9,0.5,0.45,37.5,0.3,clear,2021-8-28,,0.012,1.5,,,23.422,0.023422,23.42396,0.02342396,-0.0025172,12.3357,-0.0009205,-0.0000589578584,-0.00002156175518,-0.00003739610322,-0.003116341935,3.116341935,0.4936451038,,,yes,no,,,
26c,2021-9-2,1,16,D,12,former_ovigerous,uninfected,,,0,0,0,,2021-8-29,4,0.014,1.5,,,23.5592,0.0235592,23.58468,0.02358468,-0.0021997,12.2600124,3.22E-05,-0.00005182317224,7.59E-07,-5.26E-05,-3.76E-03,3.76E+00,0.574714012,,,yes,yes,late check sept 7,,
52c,2021-9-2,2,16,C,12,nonovigerous,uninfected,,,0,0,0,,2021-8-29,,0.009,1.4,,,23.39456,0.02339456,23.42984,0.02342984,-0.0018913,12.2600124,0.00054797,-0.00004424613133,0.00001283884942,-0.00005708498075,-0.006342775639,6.342775639,0.8022793495,,,yes,yes,late check sept 7,,
27c,2021-9-2,3,16,B,12,infected,infected,1.9,0.6,1.14,63.33333333,0.6333333333,orange,2021-8-29,,0.018,1.8,,,23.49942,0.02349942,23.52882,0.02352882,-0.0037898,12.2600124,-0.0001365,-0.00008905810192,-0.00000321168393,-0.00008584641799,-0.004769245444,4.769245444,0.6784496735,,,yes,yes,late check sept 7,,
15c,2021-9-2,4,16,A,12,infected,infected,2.2,0.7,1.54,48.125,0.77,orange,2021-8-30,,0.032,2,,,23.35928,0.02335928,23.42396,0.02342396,-0.0052212,12.2600124,0.00035853,-0.0001219634727,0.000008398192379,-0.0001303616651,-0.004073802035,4.073802035,0.6099999208,,,yes,yes,late check sept 7,,
19,2021-8-1,1,1,D,17,infected,infected,,,0,0,0,orange,2021-7-27,,0.013,2.4,littorina_scutulata,6.1,,0.02357292,,0.02373854,-0.0031023,17.6928383,-0.0002382,-0.00007313026972,-0.000005654520228,-0.00006747574949,-0.005190442268,5.190442268,0.7152043649,,,yes,yes,,,
22,2021-8-1,2,1,C,17,nonovigerous,uninfected,,,0,0,0,,2021-7-27,,0.044,5.1,,7.3,,0.02337888,,0.02358566,-0.0107495,17.6928383,-0.0012859,-0.0002513112706,-0.00003032880019,-0.0002209824704,-0.005022328872,5.022328872,0.7009051478,,,yes,yes,,,
43,2021-8-1,3,1,B,17,ovigerous,ovigerous,,,0,0,0,,2021-7-28,,0.031,3.6,,,,0.02348766,,0.02369738,-0.0038977,17.6928383,-0.0003342,-0.00009154785238,-0.000007919664396,-0.00008362818799,-0.002697683483,2.697683483,0.430990993,,,yes,yes,"not randomly picked, but only one with eggs in jar. had eggs during experiment by August 4 they were gone",,
18,2021-8-1,4,1,A,17,nonovigerous,uninfected,,,0,0,#DIV/0!,,2021-7-27,,0.007,,,,,0.02341416,,0.02357194,-0.0013989,1.77E+01,0.0012484,-0.00003275406842,0.0000294272099,-0.00006218127832,-0.00888303976,8.88303976,0.948561606,,,yes,no,This run has the weird calibration,,
8,2021-8-5,1,2,D,17,former_ovigerous,uninfected,,,0,0,0,,2021-7-29,,0.02,1,littorina_scutulata,6.5,,0.02363368,,0.02373854,-0.0045387,17.5354109,-0.0023462,-0.0001072661834,-0.00005569536255,-0.00005157082087,-0.002578541043,2.578541043,0.4113740486,,,yes,no,checked survival for trial on Aug 8 mornign,,
2,2021-8-5,2,2,C,17,hyper_infected,hyper_infected,,,0,0,0,hyper,2021-7-29,,0.051,1.9,littorina_sitkana,7.4,,0.023373,,0.02358566,-0.012229,17.5354109,-0.0017664,-0.000285828417,-0.00004166170982,-0.0002441667072,-0.004787582494,4.787582494,0.6801162703,,,yes,no,checked survival for trial on Aug 8 mornign,,
30,2021-8-5,3,2,B,17,nonovigerous,uninfected,,,0,0,0,,2021-7-29,,0.013,0.9,littorina_scutulata,5.1,,0.02362584,,0.02369738,-0.0039918,17.5354109,-0.0011863,-0.00009430962811,-0.00002811220189,-0.00006619742622,-0.005092109709,5.092109709,0.7068977519,,,yes,no,checked survival for trial on Aug 8 mornign,,figure out why there is a 32C control take 2  (used take 2 in datafile
29,2021-8-5,4,2,A,17,former_ovigerous,uninfected,,,0,0,0,,2021-7-29,,0.018,1.2,,6,,0.02338182,,0.02357194,-0.0051505,17.5354109,-0.0025638,-0.0001204280639,-0.00006043373977,-0.00005999432414,-0.003333018008,3.333018008,0.5228376601,,,yes,no,checked survival for trial on Aug 8 mornign,,
7,2021-8-6,1,3,D,17,former_ovigerous,uninfected,,,0,0,0,,2021-7-30,,0.013,1.7,littorina_scutulata,5.1,,0.02359546,,0.02353666,-0.0041592,1.73E+01,-0.0002733,-0.00009813823723,-0.000006432569178,-0.00009170566805,-0.007054282158,7.054282158,0.8484528266,,,yes,no,checked survival for trial on Aug 8 mornign,,
6,2021-8-6,2,3,C,17,former_ovigerous,uninfected,,,0,0,0,,2021-7-30,,0.011,1.3,,3.5,,0.02340142,,0.02337104,-0.004081,17.2679387,-0.0007084,-0.00009550119502,-0.00001655604474,-0.00007894515028,-0.007176831844,7.176831844,0.8559327707,,,yes,yes,checked survival for trial on Aug 8 mornign,,
40,2021-8-6,3,3,B,17,infected_isopod,infected_isopod,,,0,0,0,,2021-7-30,,0.033,2.3,,,,0.0234514,,0.02348276,-0.0017877,17.2679387,1.99E-05,-0.00004192406778,4.67E-07,-4.24E-05,-1.28E-03,1.28E+00,0.1087635606,,,yes,yes,checked survival for trial on Aug 8 mornign,,
9,2021-8-6,4,3,A,17,nonovigerous,uninfected,,,0,0,0,,2021-7-30,,0.008,1.2,,,,0.02345042,,0.02340142,-0.0038659,17.2679387,-0.0011239,-0.00009065697868,-0.00002630085594,-0.00006435612274,-0.008044515343,8.044515343,0.9054998843,,,yes,NA,checked survival for trial on Aug 8 mornign,,
54,2021-8-8,1,4,D,17,hyper_infected,hyper_infected,,,0,0,0,hyper,2021-7-31,,0.019,1.6,littorina_sitkana,5.5,,0.0235445,,0.02353666,-0.006556,17.2117469,-0.0012411,-0.000154357742,-0.00002921134873,-0.0001251463933,-0.006586652278,6.586652278,0.8186647368,,,yes,no,"late check: checked aug 10 not 100% sure this is a lirio, was small.  chance it could be a second ext.",,
24,2021-8-8,2,4,C,17,former_ovigerous,uninfected,,,0,0,0,,2021-7-31,,0.017,1.5,littorina_scutulata,7,,0.02343082,,0.02337104,-0.0068954,17.2117469,-0.0015852,-0.0001615648762,-0.00003704777261,-0.0001245171036,-0.007324535507,7.324535507,0.8647800887,,,yes,yes,late check: checked aug 10,,
35,2021-8-8,3,4,B,17,former_ovigerous,uninfected,,,0,0,0,,2021-7-31,,0.018,1.6,littorina_scutulata,7.3,,0.02356214,,0.02348276,-0.0069765,17.2117469,-0.0016987,-0.0001643812697,-0.00003989016441,-0.0001244911053,-0.006916172517,6.916172517,0.8398658178,,,yes,yes,late check: checked aug 10,,
3,2021-8-8,4,4,A,17,nonovigerous,uninfected,,,0,0,0,,2021-7-31,,0.011,1.4,littorina_scutulata,6.1,,0.02343278,,0.02340142,-0.0045848,17.2117469,-0.0010876,-0.0001074346097,-0.00002545138439,-0.00008198322535,-0.007453020487,7.453020487,0.872332315,,,yes,no,late check: checked aug 10,,
48,2021-8-9,1,5,D,17,former_ovigerous,uninfected,,,0,0,0,,2021-8-1,,0.043,2.5,littorina_sitkana,7.6,,0.02357782,,0.02353666,-0.0084656,17.5454647,-0.0027193,-0.000199600393,-0.00006400323954,-0.0001355971535,-0.003153422173,3.153422173,0.498782117,,,yes,yes,,,
11,2021-8-9,2,5,C,17,infected_isopod,infected_isopod,,,0,0,0,,2021-8-1,,0.011,1.5,littorina_scutulata,6.1,,0.0234808,,0.02337104,-0.0055832,17.5454647,-0.0024953,-0.0001310980026,-0.00005831775611,-0.00007278024645,-0.006616386041,6.616386041,0.8206208367,,,yes,no,,,
14,2021-8-9,3,5,B,17,infected,infected,2.5,0.9,2.25,97.82608696,1.125,red,2021-8-1,,0.023,2,littorina_scutulata,7.2,,0.02350138,,0.02348276,-0.0037122,17.5454647,-0.0028838,-0.00008724182284,-0.00006771958329,-0.00001952223955,-0.0008487930238,0.8487930238,-0.07119819853,,,yes,yes,,,
31,2021-8-9,4,5,A,17,former_ovigerous,uninfected,,,0,0,0,,2021-8-1,,0.011,1.5,littorina_scutulata,5.8,,0.02342298,,0.02340142,-0.0070589,17.5454647,-0.0025316,-0.0001653404735,-0.00005924303487,-0.0001060974387,-0.009645221695,9.645221695,0.9843122144,,,yes,yes,,,
26,2021-8-10,1,6,D,17,infected,infected,1.6,0.6,0.96,87.27272727,0.6857142857,orange,2021-8-2,,0.011,1.4,littorina_scutulata,5,,0.02358174,,0.02353666,-0.0070316,17.3662698,-0.0030414,-0.000165817363,-0.00007158439772,-0.00009423296526,-0.008566633205,8.566633205,0.9328101723,,,yes,yes,,,
4,2021-8-10,2,6,C,17,former_ovigerous,uninfected,,,0,0,0,,2021-8-2,,0.017,1.6,littorina_scutulata,7.5,,0.0234661,,0.02337104,-0.005241,17.3662698,-0.0023613,-0.0001229858301,-0.00005518603675,-0.00006779979335,-0.003988223138,3.988223138,0.6007794488,,,yes,yes,,,
23,2021-8-10,3,6,B,17,former_ovigerous,uninfected,,,0,0,0,,2021-8-2,,0.024,2.1,littorina_sitkana,6.6,,0.02353176,,0.02348276,-0.0071126,17.3662698,-0.0022984,-0.0001673719962,-0.00005397277558,-0.0001133992206,-0.004724967525,4.724967525,0.6743988279,,,yes,no,,,
13,2021-8-10,4,6,A,17,nonovigerous,uninfected,,,0,0,0,,2021-8-2,,0.029,2.2,littorina_sitkana,6.5,,0.02341318,,0.02340142,-0.0100353,17.3662698,-0.003371,-0.0002349582853,-0.00007888618682,-0.0001560720984,-0.005381796498,5.381796498,0.7309272717,,,yes,yes,,,
27,2021-8-11,1,7,D,17,former_ovigerous,uninfected,,,0,0,0,,2021-8-4,,0.024,1.7,littorina_scutulata,7.4,,0.02358566,,0.02353666,-0.0070248,17.3057281,-0.0021261,-0.0001656845444,-0.00005004129283,-0.0001156432515,-0.004818468814,4.818468814,0.6829090525,,,yes,no,"late survival check, august 14",,
20,2021-8-11,2,7,C,17,infected,infected,1.6,0.8,1.28,80,0.7111111111,orange/red,2021-8-4,,0.016,1.8,littorina_scutulata,7.3,,0.02340534,,0.02337104,-0.0048945,17.3057281,-0.0015,-0.0001145574366,-0.00003505656,-0.00007950087663,-0.004968804789,4.968804789,0.6962519348,,,yes,no,"late survival check, august 14",,
49,2021-8-11,3,7,B,17,infected,infected,,,0,0,0,,2021-8-4,,0.016,1.7,littorina_scutulata,6.7,,0.02355038,,0.02348276,-0.0060136,17.3057281,-0.0004917,-0.0001416225652,-0.00001154647309,-0.0001300760921,-0.008129755755,8.129755755,0.9100774981,,,yes,no,"late survival check, august 14",,
17,2021-8-11,4,7,A,17,nonovigerous,uninfected,,,0,0,0,,2021-8-4,,0.015,1.4,littorina_scutulata,6.5,,0.02338378,,0.02340142,-0.0049801,17.3057281,-0.0023539,-0.0001164535628,-0.00005508460254,-0.00006136896024,-0.004091264016,4.091264016,0.6118575061,,,yes,no,"late survival check, august 14",,
32,2021-8-14,1,8,D,17,former_ovigerous,uninfected,,,0,0,0,,2021-8-8,,0.014,1.9,littorina_scutulata,6.4,,0.02365328,,0.02353666,-0.008616,17.5312088,-0.0024498,-0.0002037966605,-0.00005766010967,-0.0001461365508,-0.01043832506,10.43832506,1.018630817,,,yes,no,,,
33,2021-8-14,2,8,C,17,infected,infected,1.5,0.4,0.6,37.5,0.3333333333,orange/red,2021-8-8,,0.016,1.8,littorina_scutulata,7.4,,0.02337986,,0.02337104,-0.0062397,17.5312088,-0.0020545,-0.0001458833124,-0.00004801580168,-0.00009786751076,-0.006116719423,6.116719423,0.7865185596,,,yes,yes,,,
36,2021-8-14,3,8,B,17,infected,infected,,,0,#VALUE!,#DIV/0!,,2021-8-8,,dead,,,,,NA,,0.04231248,NA,NA,NA,#VALUE!,#VALUE!,#VALUE!,NA,NA,NA,,,yes,no,,,
46,2021-8-14,4,8,A,17,nonovigerous,uninfected,,,0,0,0,,2021-8-8,,0.011,1.6,littorina_scutulata,5.4,,0.02341416,,0.02340142,-0.0048951,17.5312088,-0.0023842,-0.0001146146546,-0.00005579366556,-0.00005882098905,-0.005347362641,5.347362641,0.7281396376,,,yes,yes,,,
15,2021-8-15,1,9,D,17,infected,infected,2.4,0.9,2.16,120,1.028571429,orange,2021-8-9,,0.018,2.1,littorina_sitkana,6.4,,0.02358076,,0.02353666,-0.005325,17.1191511,-0.0013003,-0.000125567547,-0.000030604719,-0.000094962828,-0.005275712667,5.275712667,0.7222811344,,,yes,no,"late survival check, aug 20",,
44,2021-8-15,2,9,C,17,nonovigerous,uninfected,,,0,0,0,,2021-8-9,,0.017,2.2,littorina_scutulata,7.9,,0.02344258,,0.02337104,-0.0050567,17.1191511,-0.000676,-0.0001185420943,-0.00001579882304,-0.0001027432712,-0.006043721838,6.043721838,0.7813044677,,,yes,yes,"late survival check, aug 17",,
52,2021-8-15,3,9,B,17,infected,infected,2.3,0.7,1.61,76.66666667,0.6708333333,orange,2021-8-9,,0.021,2.4,littorina_scutulata,7.6,,0.02356214,,0.02352882,-0.0104564,17.1191511,-0.0015007,-0.0002463751607,-0.00003530970017,-0.0002110654605,-0.01005073622,10.05073622,1.002197875,,,yes,no,"late survival check, aug 19",,
16,2021-8-15,4,9,A,17,former_ovigerous,uninfected,,,0,0,0,,2021-8-9,,0.02,2.1,littorina_scutulata,6.5,,0.02342984,,0.02342396,-0.0048138,17.1191511,-0.0007977,-0.0001127865638,-0.00001868529289,-0.0000941012709,-0.004705063545,4.705063545,0.6725654932,,,yes,yes,"late survival check, aug 18",,
12,2021-8-25,1,10,D,17,infected,infected,2.3,0.9,2.07,64.6875,0.9857142857,orange,2021-8-17,,0.032,2.1,littorina_sitkana,7.4,,0.02357292,,0.02353666,-0.0052232,17.2623263,0.00048924,-0.0001231260757,0.00001151507554,-0.0001346411513,-0.004207535978,4.207535978,0.6240278382,,,yes,no,,,
10,2021-8-25,NA,10,NA,17,former_ovigerous,uninfected,,,0,#VALUE!,#DIV/0!,,2021-8-17,,NA,,,,,NA,,0.02337104,NA,NA,NA,#VALUE!,#VALUE!,#VALUE!,NA,NA,NA,,,yes,NA,,,
1,2021-8-25,3,10,B,17,infected,infected,1.4,0.4,0.56,46.66666667,0.2947368421,orange,2021-8-17,,0.012,1.9,littorina_scutulata,6.4,,0.02352392,,0.02352882,-0.0018257,17.2623263,0.00053219,-0.00004294762074,0.00001252180272,-0.00005546942346,-0.004622451955,4.622451955,0.6648724059,,,yes,no,,,
51,2021-8-25,4,10,A,17,nonovigerous,uninfected,,,0,0,0,,2021-8-17,,0.012,1.7,littorina_scutulata,6.5,,0.02347198,,0.02342396,-0.0023854,17.2623263,0.00022117,-0.00005599006109,0.000005180677233,-0.00006117073833,-0.005097561527,5.097561527,0.7073624764,,,yes,no,check aug 28,,
42,2021-8-28,1,11,D,17,former_ovigerous,uninfected,,,0,0,0,,2021-8-24,,0.067,2.6,littorina_sitkana,6.9,,0.02343964,,0.02358468,-0.0220181,17.5373282,-0.0010212,-0.0005160963375,-0.00002408467522,-0.0004920116623,-0.007343457646,7.343457646,0.8659005944,,,yes,no,,,
47,2021-8-28,2,11,C,17,infected,infected,1.2,0.5,0.6,50,0.4,orange,2021-8-24,,0.012,1.5,littorina_scutulata,5.1,,0.02342788,,0.02342984,-0.0046462,17.5107066,-0.0011878,-0.0001088506161,-0.00002782996395,-0.0000810206521,-0.006751721009,6.751721009,0.8294144883,,,yes,no,x,,
38,2021-8-28,3,11,B,17,infected_isopod,infected,,,0,0,0,,2021-8-24,,0.083,3.4,littorina_sitkana,6.2,,0.02348472,,0.02352882,-0.0121971,1.75E+01,-0.0010898,-0.0002864454783,-0.00002564170804,-0.0002608037703,-0.0031422141,3.1422141,0.4972357731,,,yes,no,,,
46,2021-8-28,4,11,A,17,infected,uninfected,0.7,0.3,0.21,26.25,0.15,clear,2021-8-24,,0.008,1.4,littorina_scutulata,5.1,,0.023389366,,0.02342396,-0.0037767,17.5107066,-0.0005513,-0.00008833461857,-0.00001291362915,-0.00007542098942,-0.009427623678,9.427623678,0.9744022385,,,yes,no,,,
53,2021-8-29,1,12,D,17,infected,infected,1.8,0.7,1.26,60,0.7411764706,orange,2021-8-24,,0.021,1.7,,,,0.02350432,,0.02358468,-0.0081933,17.4098032,-0.001966574698,-0.0001925779451,-0.00004638103495,-0.0001461969101,-0.006961757624,6.961757624,0.8427188991,,,yes,no,check aug 30,,
17c,2021-8-29,2,12,C,17,infected,infected,1.8,0.7,1.26,70,0.6631578947,orange,2021-8-24,,0.018,1.9,,,,0.0233387,,0.02342984,-0.00836,1.74E+01,-0.001650400107,-0.000195111532,-0.00003866861044,-0.0001564429216,-0.00869127342,8.69127342,0.9390834127,,,yes,yes,"mistake, that this one was used, not properly starved ",,
19b,2021-8-29,3,12,B,17,infected,infected,2,0.8,1.6,100,0.7272727273,orange,2021-8-24,,0.016,2.2,,,,0.0235396,,0.02352882,-0.0065829,17.4098032,-0.001763007937,-0.0001549588328,-0.0000414814964,-0.0001134773364,-0.007092333527,7.092333527,0.8507891507,,,yes,yes,,,
8b,2021-8-29,4,12,A,17,nonovigerous,uninfected,,,0,0,0,,2021-8-24,,0.018,1.7,,,,0.02338182,,0.02342396,-0.0075149,17.4098032,-0.002448830721,-0.0001757120391,-0.00005736131286,-0.0001183507263,-0.006575040348,6.575040348,0.8178984222,,,yes,unsure survival,,,
21b,2021-8-30,1,13,D,17,former_ovigerous,uninfected,,,0,0,0,,2021-8-25,,0.02,1.9,,,,0.02354646,,0.02358468,-0.0071176,17.316328,-0.0014353,-0.0001675942837,-0.0000338510912,-0.0001337431925,-0.006687159625,6.687159625,0.8252416901,,,yes,no,"this is  not the best way to record survival 8 was found dead at the end, but the other ones were not present (presumably already dead and removed",,
13c,2021-8-30,2,13,C,17,infected,infected,1.3,0.4,0.52,52,0.3466666667,orange,2021-8-25,,0.01,1.5,,,,0.02337594,,0.02342984,-0.0062568,17.316328,-0.0028853,-0.0001462585814,-0.00006760211735,-0.00007865646404,-0.007865646404,7.865646404,0.895734419,,,yes,no,this is  not the best way to record survival ,,
18b,2021-8-30,3,13,B,17,infected,infected,,,0,0,0,orange,2021-8-25,,0.031,2.2,,,,0.02335536,,0.02352882,-0.0088187,17.316328,-0.0025112,-0.0002059639132,-0.00005908557278,-0.0001468783404,-0.004738010982,4.738010982,0.675596063,,,yes,yes,this is  not the best way to record survival ,,
39,2021-8-30,4,13,A,17,infected,infected,1.8,0.6,1.08,98.18181818,0.72,orange,2021-8-25,,0.011,1.5,,,,0.023471,,0.02342396,-0.0064546,17.316328,-0.001915,-0.0001514959166,-0.0000448568834,-0.0001066390332,-0.009694457564,9.694457564,0.9865235139,,,yes,no,this is  not the best way to record survival ,,
7b,2021-8-31,1,14,D,17,infected,infected,1.6,0.5,0.8,28.57142857,0.4,orange/red,2021-8-25,,0.028,2,,,,0.02355528,,0.02358468,-0.0082999,17.4998807,-0.0025905,-0.0001955064685,-0.00006109611354,-0.0001344103549,-0.004800369819,4.800369819,0.6812746966,,,yes,no,,,
2b,2021-8-31,2,14,C,17,infected,infected,1.1,0.7,0.77,40.52631579,0.48125,orange,2021-8-25,,0.019,1.6,,,,0.02343474,,0.02342984,-0.0049983,17.4998807,-0.0018588,-0.0001171338609,-0.00004355138659,-0.00007358247435,-0.003872761808,3.872761808,0.5880207868,,,yes,no,,,
30b,2021-8-31,3,14,B,17,former_ovigerous,uninfected,,,0,#VALUE!,#DIV/0!,,2021-8-25,,NA,,,,,NA,,0.02352882,-0.0048372,17.4998807,-0.0018613,#VALUE!,-0.00004379419267,#VALUE!,NA,NA,NA,,,yes,NA,,,
54b,2021-8-31,4,14,A,17,nonovigerous,uninfected,,,0,0,0,,2021-8-25,,0.012,1.9,,,,0.02336418,,0.02342396,-0.0079128,17.4998807,-0.0018746,-0.0001848760835,-0.00004391055542,-0.0001409655281,-0.01174712734,11.74712734,1.069931677,,,yes,yes,,,
40c,2021-9-1,1,15,D,17,nonovigerous,uninfected,,,0,0,0,,2021-8-28,,0.004,1.2,,,,0.02360722,,0.02358468,-0.0034544,17.4826684,-0.0017746,-0.00008154878077,-0.00004185337313,-0.00003969540764,-0.00992385191,9.92385191,0.9966802748,,,yes,missing?? check other notes,,,
3b,2021-9-1,2,15,C,17,infected,infected,2.3,0.6,1.38,33.65853659,0.575,orange,2021-8-28,,0.041,2.4,,,,0.02331616,,0.02342984,-0.0109938,17.4826684,-0.0008518,-0.0002563331998,-0.00001995753771,-0.0002363756621,-0.005765260051,5.765260051,0.7608189016,,,yes,yes,,,
32c,2021-9-1,3,15,B,17,infected,infected,1,0.3,0.3,27.27272727,0.2,orange,2021-8-28,,0.011,1.5,,,,0.02350334,,0.02352882,-0.0052718,17.4826684,-0.001057,-0.0001239049078,-0.00002486996274,-0.00009903494507,-0.009003176825,9.003176825,0.9543957799,,,yes,no,,,
11b,2021-9-1,4,15,A,17,infected,infected,0.9,0.5,0.45,37.5,0.3,clear,2021-8-28,,0.012,1.5,,,,0.023422,,0.02342396,-0.0046278,1.75E+01,-0.0007548,-0.0001083923316,-0.00001768040501,-0.00009071192659,-0.007559327216,7.559327216,0.8784831448,,,yes,no,,,
26c,2021-9-2,1,16,D,17,former_ovigerous,uninfected,,,0,0,0,,2021-8-29,,0.014,1.5,,,,0.0235592,,0.02358468,-0.0058638,17.5384596,-0.0023304,-0.000138146437,-0.00005496173827,-0.00008318469869,-0.005941764192,5.941764192,0.7739154122,,,yes,yes,late check sept 7,,
52c,2021-9-2,2,16,C,17,nonovigerous,uninfected,,,0,0,0,,2021-8-29,,0.009,1.4,,,,0.02339456,,0.02342984,-0.0045795,17.5384596,-0.0014226,-0.0001071353875,-0.00003333129038,-0.00007380409714,-0.008200455237,8.200455237,0.9138379623,,,yes,yes,late check sept 7,,
27c,2021-9-2,3,16,B,17,infected,infected,1.9,0.6,1.14,63.33333333,0.6333333333,orange,2021-8-29,,0.018,1.8,,,,0.02349942,,0.02352882,-0.0066665,1.75E+01,-0.0020346,-0.0001566588834,-0.00004787173717,-0.0001087871463,-0.006043730348,6.043730348,0.7813050792,,,yes,yes,late check sept 7,,
15c,2021-9-2,4,16,A,17,infected,infected,2.2,0.7,1.54,48.125,0.77,orange,2021-8-30,,0.032,2,,,,0.02335928,,0.02342396,-0.0098446,17.5384596,-0.0021491,-0.0002299627679,-0.00005034043244,-0.0001796223355,-0.005613197983,5.613197983,0.7492103605,,,yes,yes,late check sept 7,,
19,2021-8-1,1,1,D,22,infected,infected,,,0,0,0,orange,2021-7-27,,0.013,2.4,littorina_scutulata,6.1,,0.02357292,,0.02373854,-0.0047176,22.5244736,0.00078149,-0.0001112076074,0.00001855143162,-0.000129759039,-0.00998146454,9.98146454,0.9991942682,,,yes,yes,,,
22,2021-8-1,2,1,C,22,nonovigerous,uninfected,,,0,0,0,,2021-7-27,,0.044,5.1,,7.3,,0.02337888,,0.02358566,-0.0209727,22.5244736,0.00164861,-0.0004903182366,0.00003888355493,-0.0005292017915,-0.01202731344,12.02731344,1.080168629,,,yes,yes,,,
43,2021-8-1,3,1,B,22,ovigerous,ovigerous,,,0,0,0,,2021-7-28,,0.031,3.6,,,,0.02348766,,0.02369738,-0.0007333,22.5244736,-0.0002966,-0.00001722350108,-0.000007028642908,-0.00001019485817,-0.0003288663926,0.3288663926,-0.4829805055,,,yes,yes,"not randomly picked, but only one with eggs in jar. had eggs during experiment by August 4 they were gone",,
18,2021-8-1,4,1,A,22,nonovigerous,uninfected,,,0,0,#DIV/0!,,2021-7-27,,0.007,,,,,0.02341416,,0.02357194,-0.0031008,22.5244736,2.22E-04,-0.00007260262733,5.24E-06,-7.78E-05,-1.11E-02,1.11E+01,1.046122312,,,yes,no,This run has the weird calibration,,
8,2021-8-5,1,2,D,22,former_ovigerous,uninfected,,,0,0,0,,2021-7-29,,0.02,1,littorina_scutulata,6.5,,0.02363368,,0.02373854,-0.0082044,22.7517469,-0.0017613,-0.0001939001642,-0.0000418106905,-0.0001520894737,-0.007604473685,7.604473685,0.8810691613,,,yes,no,checked survival for trial on Aug 8 mornign,,
2,2021-8-5,2,2,C,22,hyper_infected,hyper_infected,,,0,0,0,hyper,2021-7-29,,0.051,1.9,littorina_sitkana,7.4,,0.023373,,0.02358566,-0.015752,22.7517469,-0.0030067,-0.000368171496,-0.00007091500392,-0.0002972564921,-0.005828558668,5.828558668,0.7655611723,,,yes,no,checked survival for trial on Aug 8 mornign,,
30,2021-8-5,3,2,B,22,nonovigerous,uninfected,,,0,0,0,,2021-7-29,,0.013,0.9,littorina_scutulata,5.1,,0.02362584,,0.02369738,-0.0087293,22.7517469,-0.0027763,-0.0002062370451,-0.00006579103609,-0.000140446009,-0.01080353916,10.80353916,1.03356605,,,yes,no,checked survival for trial on Aug 8 mornign,,figure out why there is a 32C control take 2  (used take 2 in datafile
29,2021-8-5,4,2,A,22,former_ovigerous,uninfected,,,0,0,0,,2021-7-29,,0.018,1.2,,6,,0.02338182,,0.02357194,-0.0089044,22.7517469,-0.0044287,-0.000208201078,-0.0001043930507,-0.0001038080273,-0.005767112629,5.767112629,0.7609584331,,,yes,no,checked survival for trial on Aug 8 mornign,,
7,2021-8-6,1,3,D,22,former_ovigerous,uninfected,,,0,0,0,,2021-7-30,,0.013,1.7,littorina_scutulata,5.1,,0.02359546,,0.02353666,-0.0097255,22.709651,-5.15E-03,-0.0002294776462,-1.21E-04,-1.08E-04,-8.32E-03,8.32E+00,0.9203417848,,,yes,no,checked survival for trial on Aug 8 mornign,,
6,2021-8-6,2,3,C,22,former_ovigerous,uninfected,,,0,0,0,,2021-7-30,,0.011,1.3,,3.5,,0.02340142,,0.02337104,-0.0104056,22.709651,-0.0056395,-0.000243505816,-0.0001318009801,-0.0001117048359,-0.01015498508,10.15498508,1.00667929,,,yes,yes,checked survival for trial on Aug 8 mornign,,
40,2021-8-6,3,3,B,22,infected_isopod,infected_isopod,,,0,0,0,,2021-7-30,,0.033,2.3,,,,0.0234514,,0.02348276,-0.0149023,22.709651,-0.0063382,-0.0003494797982,-0.0001488384294,-0.0002006413688,-0.006080041478,6.080041478,0.7839065421,,,yes,yes,checked survival for trial on Aug 8 mornign,,
9,2021-8-6,4,3,A,22,nonovigerous,uninfected,,,0,0,0,,2021-7-30,,0.008,1.2,,,,0.02345042,,0.02340142,-0.0107122,22.709651,-0.0073291,-0.0002512055891,-0.0001715113473,-0.0000796942418,-0.009961780225,9.961780225,0.9983369562,,,yes,NA,checked survival for trial on Aug 8 mornign,,
54,2021-8-8,1,4,D,22,hyper_infected,hyper_infected,,,0,0,0,hyper,2021-7-31,,0.019,1.6,littorina_sitkana,5.5,,0.0235445,,0.02353666,-0.0119358,22.5064025,-0.0065145,-0.0002810224431,-0.0001533295716,-0.0001276928715,-0.006720677449,6.720677449,0.8274130524,,,yes,no,"late check: checked aug 10 not 100% sure this is a lirio, was small.  chance it could be a second ext.",,
24,2021-8-8,2,4,C,22,former_ovigerous,uninfected,,,0,0,0,,2021-7-31,,0.017,1.5,littorina_scutulata,7,,0.02343082,,0.02337104,-0.0132836,22.5064025,-0.0063061,-0.0003112456406,-0.0001473801153,-0.0001638655252,-0.009639148542,9.639148542,0.9840386729,,,yes,yes,late check: checked aug 10,,
35,2021-8-8,3,4,B,22,former_ovigerous,uninfected,,,0,0,0,,2021-7-31,,0.018,1.6,littorina_scutulata,7.3,,0.02356214,,0.02348276,-0.0132877,22.5064025,-0.006108,-0.0003130866477,-0.0001434326981,-0.0001696539496,-0.009425219422,9.425219422,0.9742914695,,,yes,yes,late check: checked aug 10,,
3,2021-8-8,4,4,A,22,nonovigerous,uninfected,,,0,0,0,,2021-7-31,,0.011,1.4,littorina_scutulata,6.1,,0.02343278,,0.02340142,-0.0104337,22.5064025,-0.0061681,-0.0002444905967,-0.0001443422987,-0.000100148298,-0.009104390726,9.104390726,0.9592508877,,,yes,no,late check: checked aug 10,,
48,2021-8-9,1,5,D,22,former_ovigerous,uninfected,,,0,0,0,,2021-8-1,,0.043,2.5,littorina_sitkana,7.6,,0.02357782,,0.02353666,-0.0148586,22.5568854,-0.006853,-0.0003503333963,-0.000161296731,-0.0001890366653,-0.004396201518,4.396201518,0.6430775919,,,yes,yes,,,
11,2021-8-9,2,5,C,22,infected_isopod,infected_isopod,,,0,0,0,,2021-8-1,,0.011,1.5,littorina_scutulata,6.1,,0.0234808,,0.02337104,-0.0105247,22.5568854,-0.0066256,-0.0002471283758,-0.0001548471626,-0.00009228121314,-0.008389201194,8.389201194,0.92372061,,,yes,no,,,
14,2021-8-9,3,5,B,22,infected,infected,2.5,0.9,2.25,97.82608696,1.125,red,2021-8-1,,0.023,2,littorina_scutulata,7.2,,0.02350138,,0.02348276,-0.0188889,22.5568854,-0.0064376,-0.0004439152167,-0.0001511726158,-0.0002927426009,-0.01272793917,12.72793917,1.104758091,,,yes,yes,,,
31,2021-8-9,4,5,A,22,former_ovigerous,uninfected,,,0,0,0,,2021-8-1,,0.011,1.5,littorina_scutulata,5.8,,0.02342298,,0.02340142,-0.0126896,22.5568854,-0.0073274,-0.000297228247,-0.0001714715649,-0.0001257566821,-0.01143242565,11.43242565,1.058138385,,,yes,yes,,,
26,2021-8-10,1,6,D,22,infected,infected,1.6,0.6,0.96,87.27272727,0.6857142857,orange,2021-8-2,,0.011,1.4,littorina_scutulata,5,,0.02358174,,0.02353666,-0.0124671,22.3519043,-0.0083721,-0.0002939959108,-0.0001970512712,-0.00009694463957,-0.008813149052,8.813149052,0.9451311152,,,yes,yes,,,
4,2021-8-10,2,6,C,22,former_ovigerous,uninfected,,,0,0,0,,2021-8-2,,0.017,1.6,littorina_scutulata,7.5,,0.0234661,,0.02337104,-0.0104761,22.3519043,-0.0076571,-0.0002458332102,-0.0001789543904,-0.00006687881983,-0.003934048225,3.934048225,0.5948396794,,,yes,yes,,,
23,2021-8-10,3,6,B,22,former_ovigerous,uninfected,,,0,0,0,,2021-8-2,,0.024,2.1,littorina_sitkana,6.6,,0.02353176,,0.02348276,-0.0139567,22.3519043,-0.0060325,-0.0003284257148,-0.0001416597497,-0.0001867659651,-0.007781915212,7.781915212,0.8910864946,,,yes,no,,,
13,2021-8-10,4,6,A,22,nonovigerous,uninfected,,,0,0,0,,2021-8-2,,0.029,2.2,littorina_sitkana,6.5,,0.02341318,,0.02340142,-0.0167305,22.3519043,-0.0077725,-0.000391714208,-0.000181887537,-0.000209826671,-0.00723540245,7.23540245,0.8594626926,,,yes,yes,,,
27,2021-8-11,1,7,D,22,former_ovigerous,uninfected,,,0,0,0,,2021-8-4,,0.024,1.7,littorina_scutulata,7.4,,0.02358566,,0.02353666,-0.0114029,22.6260211,-0.0051495,-0.0002689449224,-0.0001212020307,-0.0001477428917,-0.006155953823,6.155953823,0.7892953534,,,yes,no,"late survival check, august 14",,
20,2021-8-11,2,7,C,22,infected,infected,1.6,0.8,1.28,80,0.7111111111,orange/red,2021-8-4,,0.016,1.8,littorina_scutulata,7.3,,0.02340534,,0.02337104,-0.0093121,22.648691,-0.0049163,-0.0002179528666,-0.000114899044,-0.0001030538227,-0.006440863916,6.440863916,0.8089441234,,,yes,no,"late survival check, august 14",,
49,2021-8-11,3,7,B,22,infected,infected,,,0,0,0,,2021-8-4,,0.016,1.7,littorina_scutulata,6.7,,0.02355038,,0.02348276,-0.009256,22.6260211,-0.0037724,-0.0002179823173,-0.00008858636382,-0.0001293959535,-0.008087247091,8.087247091,0.9078007124,,,yes,no,"late survival check, august 14",,
17,2021-8-11,4,7,A,22,nonovigerous,uninfected,,,0,0,0,,2021-8-4,,0.015,1.4,littorina_scutulata,6.5,,0.02338378,,0.02340142,-0.011366,22.6260211,-0.0055231,-0.0002657800435,-0.0001292483828,-0.0001365316607,-0.009102110712,9.102110712,0.9591421137,,,yes,no,"late survival check, august 14",,
32,2021-8-14,1,8,D,22,former_ovigerous,uninfected,,,0,0,0,,2021-8-8,,0.014,1.9,littorina_scutulata,6.4,,0.02365328,,0.02353666,-0.0104548,22.4237211,-0.0053892,-0.0002472903117,-0.0001268437681,-0.0001204465437,-0.008603324548,8.603324548,0.9346663063,,,yes,no,,,
33,2021-8-14,2,8,C,22,infected,infected,1.5,0.4,0.6,37.5,0.3333333333,orange/red,2021-8-8,,0.016,1.8,littorina_scutulata,7.4,,0.02337986,,0.02337104,-0.009739,22.4237211,-0.0052462,-0.0002276964565,-0.00012260915,-0.0001050873065,-0.006567956656,6.567956656,0.8174302781,,,yes,yes,,,
36,2021-8-14,3,8,B,22,infected,infected,,,0,#VALUE!,#DIV/0!,,2021-8-8,,dead,,,,,NA,,0.04231248,NA,NA,NA,#VALUE!,#VALUE!,#VALUE!,NA,NA,NA,,,yes,no,,,
46,2021-8-14,4,8,A,22,nonovigerous,uninfected,,,0,0,0,,2021-8-8,,0.011,1.6,littorina_scutulata,5.4,,0.02341416,,0.02340142,-0.0100174,22.4237211,-0.0057558,-0.0002345490064,-0.0001346938932,-0.00009985511315,-0.009077737559,9.077737559,0.957977623,,,yes,yes,,,
15,2021-8-15,1,9,D,22,infected,infected,2.4,0.9,2.16,120,1.028571429,orange,2021-8-9,,0.018,2.1,littorina_sitkana,6.4,,0.02358076,,0.02353666,-0.0100186,22.1837866,-0.0034113,-0.0002362462021,-0.00008029060826,-0.0001559555939,-0.00866419966,8.66419966,0.9377284517,,,yes,no,"late survival check, aug 20",,
44,2021-8-15,2,9,C,22,nonovigerous,uninfected,,,0,0,0,,2021-8-9,,0.017,2.2,littorina_scutulata,7.9,,0.02344258,,0.02337104,-0.0079976,22.1837866,-0.0045513,-0.0001874843778,-0.0001063686144,-0.00008111576346,-0.004771515497,4.771515497,0.6786563387,,,yes,yes,"late survival check, aug 17",,
52,2021-8-15,3,9,B,22,infected,infected,2.3,0.7,1.61,76.66666667,0.6708333333,orange,2021-8-9,,0.021,2.4,littorina_scutulata,7.6,,0.02356214,,0.02352882,-0.0135368,22.1837866,-0.0047478,-0.0003189559768,-0.0001117101316,-0.0002072458452,-0.009868849769,9.868849769,0.9942665379,,,yes,no,"late survival check, aug 19",,
16,2021-8-15,4,9,A,22,former_ovigerous,uninfected,,,0,0,0,,2021-8-9,,0.02,2.1,littorina_scutulata,6.5,,0.02342984,,0.02342396,-0.0098467,22.1837866,-0.0034386,-0.0002307066055,-0.00008054562886,-0.0001501609767,-0.007508048834,7.508048834,0.8755270887,,,yes,yes,"late survival check, aug 18",,
12,2021-8-25,1,10,D,22,infected,infected,2.3,0.9,2.07,64.6875,0.9857142857,orange,2021-8-17,,0.032,2.1,littorina_sitkana,7.4,,0.02357292,,0.02353666,-0.0064868,22.2248281,-0.0015088,-0.0001529128175,-0.00003551211261,-0.0001174007048,-0.003668772027,3.668772027,0.564520726,,,yes,no,,,
10,2021-8-25,NA,10,NA,22,former_ovigerous,uninfected,,,0,#VALUE!,#DIV/0!,,2021-8-17,,NA,,,,,NA,,0.02337104,NA,NA,NA,#VALUE!,#VALUE!,#VALUE!,NA,NA,NA,,,yes,NA,,,
1,2021-8-25,3,10,B,22,infected,infected,1.4,0.4,0.56,46.66666667,0.2947368421,orange,2021-8-17,,0.012,1.9,littorina_scutulata,6.4,,0.02352392,,0.02352882,-0.0039699,22.2248281,-0.0008306,-0.00009338761001,-0.00001954303789,-0.00007384457212,-0.006153714343,6.153714343,0.7891373323,,,yes,no,,,
51,2021-8-25,4,10,A,22,nonovigerous,uninfected,,,0,0,0,,2021-8-17,,0.012,1.7,littorina_scutulata,6.5,,0.02347198,,0.02342396,-0.0047712,22.2248281,-0.0015091,-0.000111989511,-0.00003534909804,-0.00007664041294,-0.006386701078,6.386701078,0.80527659,,,yes,no,check aug 28,,
42,2021-8-28,1,11,D,22,former_ovigerous,uninfected,,,0,0,0,,2021-8-24,,0.067,2.6,littorina_sitkana,6.9,,0.02343964,,0.02358468,-0.0170478,22.5299674,-0.004524,-0.0003995942948,-0.0001066970923,-0.0002928972025,-0.004371600037,4.371600037,0.640640421,,,yes,no,,,
47,2021-8-28,2,11,C,22,infected,infected,1.2,0.5,0.6,50,0.4,orange,2021-8-24,,0.012,1.5,littorina_scutulata,5.1,,0.02342788,,0.02342984,-0.0089258,22.5299674,-0.0037089,-0.0002091125713,-0.00008689893358,-0.0001222136377,-0.01018446981,10.18446981,1.007938425,,,yes,no,x,,
38,2021-8-28,3,11,B,22,infected_isopod,infected,,,0,0,0,,2021-8-24,,0.083,3.4,littorina_sitkana,6.2,,0.02348472,,0.02352882,-0.0165882,22.5299674,-4.09E-03,-0.0003895692323,-9.63E-05,-2.93E-04,-3.53E-03,3.53E+00,0.5481414714,,,yes,no,,,
46,2021-8-28,4,11,A,22,infected,uninfected,0.7,0.3,0.21,26.25,0.15,clear,2021-8-24,,0.008,1.4,littorina_scutulata,5.1,,0.023389366,,0.02342396,-0.0081234,22.5299674,-0.0045157,-0.0001900011758,-0.0001057755762,-0.00008422559959,-0.01052819995,10.52819995,1.022354124,,,yes,no,,,
53,2021-8-29,1,12,D,22,infected,infected,1.8,0.7,1.26,60,0.7411764706,orange,2021-8-24,,0.021,1.7,,,,0.02350432,,0.02358468,-0.011517,22.2090264,-0.0039308,-0.0002706992534,-0.00009270666014,-0.0001779925933,-0.008475837776,8.475837776,0.9281826359,,,yes,no,check aug 30,,
17c,2021-8-29,2,12,C,22,infected,infected,1.8,0.7,1.26,70,0.6631578947,orange,2021-8-24,,0.018,1.9,,,,0.0233387,,0.02342984,-0.0096395,22.2090264,-3.97E-03,-0.0002249733987,-9.29E-05,-1.32E-04,-7.34E-03,7.34E+00,0.8654988705,,,yes,yes,"mistake, that this one was used, not properly starved ",,
19b,2021-8-29,3,12,B,22,infected,infected,2,0.8,1.6,100,0.7272727273,orange,2021-8-24,,0.016,2.2,,,,0.0235396,,0.02352882,-0.0100893,22.2090264,-0.0044478,-0.0002374980863,-0.0001046514856,-0.0001328466007,-0.008302912543,8.302912543,0.9192304634,,,yes,yes,,,
8b,2021-8-29,4,12,A,22,nonovigerous,uninfected,,,0,0,0,,2021-8-24,,0.018,1.7,,,,0.02338182,,0.02342396,-0.0109193,22.2090264,-0.0056797,-0.0002553131071,-0.0001330410656,-0.0001222720415,-0.006792891195,6.792891195,0.8320546584,,,yes,unsure survival,,,
21b,2021-8-30,1,13,D,22,former_ovigerous,uninfected,,,0,0,0,,2021-8-25,,0.02,1.9,,,,0.02354646,,0.02358468,-0.0098199,22.2385336,-0.0038455,-0.0002312238826,-0.00009069488694,-0.0001405289956,-0.007026449781,7.026449781,0.8467359466,,,yes,,,,
13c,2021-8-30,2,13,C,22,infected,infected,1.3,0.4,0.52,52,0.3466666667,orange,2021-8-25,,0.01,1.5,,,,0.02337594,,0.02342984,-0.0089832,22.2385336,-0.0048967,-0.0002099907442,-0.0001147288975,-0.00009526184668,-0.009526184668,9.526184668,0.9789189962,,,yes,,,,
18b,2021-8-30,3,13,B,22,infected,infected,,,0,0,0,orange,2021-8-25,,0.031,2.2,,,,0.02335536,,0.02352882,-0.0147006,22.2385336,-0.0039922,-0.0003433378052,-0.0000939317552,-0.00024940605,-0.008045356452,8.045356452,0.9055452904,,,yes,,,,
39,2021-8-30,4,13,A,22,infected,infected,1.8,0.6,1.08,98.18181818,0.72,orange,2021-8-25,,0.011,1.5,,,,0.023471,,0.02342396,-0.0092244,22.2385336,-0.0044951,-0.0002165058924,-0.0001052930426,-0.0001112128498,-0.01011025907,10.11025907,1.004762284,,,yes,,,,
7b,2021-8-31,1,14,D,22,infected,infected,1.6,0.5,0.8,28.57142857,0.4,orange/red,2021-8-25,,0.028,2,,,,0.02355528,,0.02358468,-0.0109488,22.3224622,-0.0057932,-0.0002579020497,-0.0001366307682,-0.0001212712815,-0.004331117196,4.331117196,0.6365999355,,,yes,,,,
2b,2021-8-31,2,14,C,22,infected,infected,1.1,0.7,0.77,40.52631579,0.48125,orange,2021-8-25,,0.019,1.6,,,,0.02343474,,0.02342984,-0.007288,22.3224622,-0.0042254,-0.0001707923851,-0.00009900044594,-0.00007179193918,-0.003778523115,3.778523115,0.5773220833,,,yes,,,,
30b,2021-8-31,3,14,B,22,former_ovigerous,uninfected,,,0,#VALUE!,#DIV/0!,,2021-8-25,,NA,,,,,NA,,0.02352882,-0.0073132,22.3224622,-0.0043575,#VALUE!,-0.0001025268332,#VALUE!,NA,NA,NA,,,yes,,,,
54b,2021-8-31,4,14,A,22,nonovigerous,uninfected,,,0,0,0,,2021-8-25,,0.012,1.9,,,,0.02336418,,0.02342396,-0.0092825,22.3224622,-0.0044831,-0.0002168780009,-0.0001050119551,-0.0001118660458,-0.009322170481,9.322170481,0.9695170409,,,yes,,,,
40c,2021-9-1,1,15,D,22,nonovigerous,uninfected,,,0,0,0,,2021-8-28,,0.004,1.2,,,,0.02360722,,0.02358468,-0.0066859,22.3995062,-0.0042602,-0.0001578355122,-0.0001004754537,-0.00005736005846,-0.01434001462,14.34001462,1.156549594,,,yes,missing?? check other notes,,,
3b,2021-9-1,2,15,C,22,infected,infected,2.3,0.6,1.38,33.65853659,0.575,orange,2021-8-28,,0.041,2.4,,,,0.02331616,,0.02342984,-0.0151315,22.3995062,-0.0035017,-0.000352808475,-0.00008204427073,-0.0002707642043,-0.006604004983,6.604004983,0.8198073923,,,yes,yes,,,
32c,2021-9-1,3,15,B,22,infected,infected,1,0.3,0.3,27.27272727,0.2,orange,2021-8-28,,0.011,1.5,,,,0.02350334,,0.02352882,-0.007696,22.3995062,-0.0039558,-0.0001808817046,-0.00009307530616,-0.00008780639848,-0.007982399862,7.982399862,0.9021334791,,,yes,no,,,
11b,2021-9-1,4,15,A,22,infected,infected,0.9,0.5,0.45,37.5,0.3,clear,2021-8-28,,0.012,1.5,,,,0.023422,,0.02342396,-0.0079027,22.3995062,-4.26E-03,-0.0001850970394,-9.97E-05,-8.54E-05,-7.12E-03,7.12E+00,0.8521931348,,,yes,no,,,
26c,2021-9-2,1,16,D,22,former_ovigerous,uninfected,,,0,0,0,,2021-8-29,,0.014,1.5,,,,0.0235592,,0.02358468,-0.0080341,22.2463763,-0.0049487,-0.0001892769687,-0.0001167135059,-0.0000725634628,-0.005183104486,5.183104486,0.7145899639,,,yes,yes,late check sept 7,,
52c,2021-9-2,2,16,C,22,nonovigerous,uninfected,,,0,0,0,,2021-8-29,,0.009,1.4,,,,0.02339456,,0.02342984,-0.008229,22.2463763,-0.0044725,-0.0001925138342,-0.0001047899594,-0.00008772387484,-0.009747097204,9.747097204,0.9888752972,,,yes,yes,late check sept 7,,
27c,2021-9-2,3,16,B,22,infected,infected,1.9,0.6,1.14,63.33333333,0.6333333333,orange,2021-8-29,,0.018,1.8,,,,0.02349942,,0.02352882,-0.0089623,22.2463763,-4.87E-03,-0.0002106088519,-1.15E-04,-9.61E-05,-5.34E-03,5.34E+00,0.7273709782,,,yes,yes,late check sept 7,,
15c,2021-9-2,4,16,A,22,infected,infected,2.2,0.7,1.54,48.125,0.77,orange,2021-8-30,,0.032,2,,,,0.02335928,,0.02342396,-0.0140837,22.2463763,-0.0049226,-0.0003289850917,-0.0001153067855,-0.0002136783062,-0.00667744707,6.67744707,0.8246104542,,,yes,yes,late check sept 7,,
19,2021-8-1,1,1,D,27,infected,infected,,,0,0,0,orange,2021-7-27,,0.013,2.4,littorina_scutulata,6.1,,0.02357292,,0.02373854,-0.0150952,27.4362066,NA,-0.000355837942,#VALUE!,#VALUE!,#VALUE!,NA,NA,,,yes,yes,,,
22,2021-8-1,2,1,C,27,nonovigerous,uninfected,,,0,0,0,,2021-7-27,,0.044,5.1,,7.3,,0.02337888,,0.02358566,-0.0208617,27.4362066,NA,-0.0004877231809,#VALUE!,#VALUE!,#VALUE!,NA,NA,,,yes,yes,,,
43,2021-8-1,3,1,B,27,ovigerous,ovigerous,,,0,0,0,,2021-7-28,,0.031,3.6,,,,0.02348766,,0.02369738,-0.01726,27.4362066,NA,-0.0004053970116,#VALUE!,#VALUE!,#VALUE!,NA,NA,,,yes,yes,"not randomly picked, but only one with eggs in jar. had eggs during experiment by August 4 they were gone",,
18,2021-8-1,4,1,A,27,nonovigerous,uninfected,,,0,0,#DIV/0!,,2021-7-27,,0.007,,,,,0.02341416,,0.02357194,-0.0113996,27.4362066,NA,-0.0002669120583,#VALUE!,#VALUE!,#VALUE!,NA,NA,,,yes,no,This run has the weird calibration,,
8,2021-8-5,1,2,D,27,former_ovigerous,uninfected,,,0,0,0,,2021-7-29,,0.02,1,littorina_scutulata,6.5,,0.02363368,,0.02373854,-0.0138347,27.4955649,-0.0090915,-0.0003269648727,-0.0002158189364,-0.0001111459363,-0.005557296814,5.557296814,0.744863593,,,yes,no,checked survival for trial on Aug 8 mornign,,
2,2021-8-5,2,2,C,27,hyper_infected,hyper_infected,,,0,0,0,hyper,2021-7-29,,0.051,1.9,littorina_sitkana,7.4,,0.023373,,0.02358566,-0.0205903,27.4955649,-0.0092567,-0.0004812570819,-0.0002183253789,-0.000262931703,-0.005155523588,5.155523588,0.7122727782,,,yes,no,checked survival for trial on Aug 8 mornign,,
30,2021-8-5,3,2,B,27,nonovigerous,uninfected,,,0,0,0,,2021-7-29,,0.013,0.9,littorina_scutulata,5.1,,0.02362584,,0.02369738,-0.0147495,27.4955649,-0.0091396,-0.0003484693271,-0.0002165845742,-0.0001318847528,-0.01014498099,10.14498099,1.006251237,,,yes,no,checked survival for trial on Aug 8 mornign,,figure out why there is a 32C control take 2  (used take 2 in datafile
29,2021-8-5,4,2,A,27,former_ovigerous,uninfected,,,0,0,0,,2021-7-29,,0.018,1.2,,6,,0.02338182,,0.02357194,-0.0141258,27.4955649,-0.008929,-0.000330286913,-0.0002104738523,-0.0001198130607,-0.00665628115,6.65628115,0.8232316575,,,yes,no,checked survival for trial on Aug 8 mornign,,
7,2021-8-6,1,3,D,27,former_ovigerous,uninfected,,,0,0,0,,2021-7-30,,0.013,1.7,littorina_scutulata,5.1,,0.02359546,,0.02353666,-0.0163443,27.771243,-1.11E-02,-0.0003856512769,-2.62E-04,-1.24E-04,-9.51E-03,9.51E+00,0.978203246,,,yes,no,checked survival for trial on Aug 8 mornign,,
6,2021-8-6,2,3,C,27,former_ovigerous,uninfected,,,0,0,0,,2021-7-30,,0.011,1.3,,3.5,,0.02340142,,0.02337104,-0.0143052,27.771243,-0.0095653,-0.0003347619934,-0.0002235510089,-0.0001112109845,-0.0101100895,10.1100895,1.004755,,,yes,yes,checked survival for trial on Aug 8 mornign,,
40,2021-8-6,3,3,B,27,infected_isopod,infected_isopod,,,0,0,0,,2021-7-30,,0.033,2.3,,,,0.0234514,,0.02348276,-0.0204474,27.771243,-0.009476,-0.0004795201564,-0.0002225226338,-0.0002569975226,-0.007787803715,7.787803715,0.891414997,,,yes,yes,checked survival for trial on Aug 8 mornign,,
9,2021-8-6,4,3,A,27,nonovigerous,uninfected,,,0,0,0,,2021-7-30,,0.008,1.2,,,,0.02345042,,0.02340142,-0.0159067,27.771243,-0.0119755,-0.0003730187958,-0.0002802437052,-0.0000927750906,-0.01159688633,11.59688633,1.0643414,,,yes,NA,checked survival for trial on Aug 8 mornign,,
54,2021-8-8,1,4,D,27,hyper_infected,hyper_infected,,,0,0,0,hyper,2021-7-31,,0.019,1.6,littorina_sitkana,5.5,,0.0235445,,0.02353666,-0.01944,27.4681393,-0.0135482,-0.00045770508,-0.000318879377,-0.000138825703,-0.007306615947,7.306615947,0.8637162804,,,yes,no,"late check: checked aug 10 not 100% sure this is a lirio, was small.  chance it could be a second ext.",,
24,2021-8-8,2,4,C,27,former_ovigerous,uninfected,,,0,0,0,,2021-7-31,,0.017,1.5,littorina_scutulata,7,,0.02343082,,0.02337104,-0.018128,27.4681393,-0.0115685,-0.000424753905,-0.0002703678762,-0.0001543860287,-0.009081531101,9.081531101,0.9581590746,,,yes,yes,late check: checked aug 10,,
35,2021-8-8,3,4,B,27,former_ovigerous,uninfected,,,0,0,0,,2021-7-31,,0.018,1.6,littorina_scutulata,7.3,,0.02356214,,0.02348276,-0.0214703,27.4681393,-0.0134219,-0.0005058862144,-0.0003151832564,-0.000190702958,-0.01059460878,10.59460878,1.025084924,,,yes,yes,late check: checked aug 10,,
3,2021-8-8,4,4,A,27,nonovigerous,uninfected,,,0,0,0,,2021-7-31,,0.011,1.4,littorina_scutulata,6.1,,0.02343278,,0.02340142,-0.0170773,27.4681393,-0.0138094,-0.0004001686139,-0.0003231595693,-0.00007700904455,-0.007000822231,7.000822231,0.84514905,,,yes,no,late check: checked aug 10,,
48,2021-8-9,1,5,D,27,former_ovigerous,uninfected,,,0,0,0,,2021-8-1,,0.043,2.5,littorina_sitkana,7.6,,0.02357782,,0.02353666,-0.0230219,27.4333701,-0.0118783,-0.0005428062143,-0.0002795755085,-0.0002632307058,-0.00612164432,6.12164432,0.7868680926,,,yes,yes,,,
11,2021-8-9,2,5,C,27,infected_isopod,infected_isopod,,,0,0,0,,2021-8-1,,0.011,1.5,littorina_scutulata,6.1,,0.0234808,,0.02337104,-0.0137301,27.4333701,-0.0129827,-0.0003223937321,-0.000303419201,-0.00001897453107,-0.00172495737,1.72495737,0.2367783666,,,yes,no,,,
14,2021-8-9,3,5,B,27,infected,infected,2.5,0.9,2.25,97.82608696,1.125,red,2021-8-1,,0.023,2,littorina_scutulata,7.2,,0.02350138,,0.02348276,-0.0068057,27.4333701,-0.0132697,-0.0001599433419,-0.0003116091804,0.0001516658385,0.006594166892,-6.594166892,NA,,,yes,yes,,,
31,2021-8-9,4,5,A,27,former_ovigerous,uninfected,,,0,0,0,,2021-8-1,,0.011,1.5,littorina_scutulata,5.8,,0.02342298,,0.02340142,-0.0166603,27.4333701,-0.0116222,-0.0003902338737,-0.0002719759835,-0.0001182578902,-0.01075071729,10.75071729,1.031437441,,,yes,yes,,,
26,2021-8-10,1,6,D,27,infected,infected,1.6,0.6,0.96,87.27272727,0.6857142857,orange,2021-8-2,,0.011,1.4,littorina_scutulata,5,,0.02358174,,0.02353666,-0.0187264,27.7311554,-0.0166073,-0.0004416010959,-0.0003908803736,-0.00005072072232,-0.004610974756,4.610974756,0.6637927446,,,yes,yes,,,
4,2021-8-10,2,6,C,27,former_ovigerous,uninfected,,,0,0,0,,2021-8-2,,0.017,1.6,littorina_scutulata,7.5,,0.0234661,,0.02337104,-0.0188297,27.7311554,-0.0125642,-0.0004418596232,-0.0002936384208,-0.0001482212024,-0.008718894259,8.718894259,0.9404614107,,,yes,yes,,,
23,2021-8-10,3,6,B,27,former_ovigerous,uninfected,,,0,0,0,,2021-8-2,,0.024,2.1,littorina_sitkana,6.6,,0.02353176,,0.02348276,-0.0215345,27.7311554,-0.0136127,-0.0005067446857,-0.0003196637671,-0.0001870809187,-0.007795038278,7.795038278,0.8918182521,,,yes,no,,,
13,2021-8-10,4,6,A,27,nonovigerous,uninfected,,,0,0,0,,2021-8-2,,0.029,2.2,littorina_sitkana,6.5,,0.02341318,,0.02340142,-0.0212292,27.7311554,-0.0126355,-0.0004970430809,-0.0002956886424,-0.0002013544384,-0.006943256498,6.943256498,0.8415632093,,,yes,yes,,,
27,2021-8-11,1,7,D,27,former_ovigerous,uninfected,,,0,0,0,,2021-8-4,,0.024,1.7,littorina_scutulata,7.4,,0.02358566,,0.02353666,-0.0188651,27.337076,-0.0115194,-0.0004449458345,-0.0002711282012,-0.0001738176333,-0.007242401386,7.242401386,0.8598825905,,,yes,no,"late survival check, august 14",,
20,2021-8-11,2,7,C,27,infected,infected,1.6,0.8,1.28,80,0.7111111111,orange/red,2021-8-4,,0.016,1.8,littorina_scutulata,7.3,,0.02340534,,0.02337104,-0.0163721,27.337076,-0.0110791,-0.000383194567,-0.0002589300893,-0.0001242644778,-0.007766529859,7.766529859,0.8902270163,,,yes,no,"late survival check, august 14",,
49,2021-8-11,3,7,B,27,infected,infected,,,0,0,0,,2021-8-4,,0.016,1.7,littorina_scutulata,6.7,,0.02355038,,0.02348276,-0.0156818,27.337076,-0.0086536,-0.0003693123491,-0.0002032104119,-0.0001661019371,-0.01038137107,10.38137107,1.016254715,,,yes,no,"late survival check, august 14",,
17,2021-8-11,4,7,A,27,nonovigerous,uninfected,,,0,0,0,,2021-8-4,,0.015,1.4,littorina_scutulata,6.5,,0.02338378,,0.02340142,-0.01832,27.337076,-0.012654,-0.0004283908496,-0.0002961215687,-0.0001322692809,-0.008817952061,8.817952061,0.9453677335,,,yes,no,"late survival check, august 14",,
32,2021-8-14,1,8,D,27,former_ovigerous,uninfected,,,0,0,0,,2021-8-8,,0.014,1.9,littorina_scutulata,6.4,,0.02365328,,0.02353666,-0.0186497,27.5582684,-0.0131987,-0.000441126576,-0.0003106533143,-0.0001304732617,-0.009319518691,9.319518691,0.9693934837,,,yes,no,,,
33,2021-8-14,2,8,C,27,infected,infected,1.5,0.4,0.6,37.5,0.3333333333,orange/red,2021-8-8,,0.016,1.8,littorina_scutulata,7.4,,0.02337986,,0.02337104,-0.0172788,27.5582684,-0.0123396,-0.000403975925,-0.0002883892852,-0.0001155866398,-0.007224164987,7.224164987,0.8587876559,,,yes,yes,,,
36,2021-8-14,3,8,B,27,infected,infected,,,0,#VALUE!,#DIV/0!,,2021-8-8,,dead,,,,,NA,,0.04231248,NA,NA,NA,#VALUE!,#VALUE!,#VALUE!,NA,NA,NA,,,yes,no,,,
46,2021-8-14,4,8,A,27,nonovigerous,uninfected,,,0,0,0,,2021-8-8,,0.011,1.6,littorina_scutulata,5.4,,0.02341416,,0.02340142,-0.0170335,27.5582684,-0.0127651,-0.0003988250944,-0.0002987214664,-0.0001001036279,-0.009100329811,9.100329811,0.9590571321,,,yes,yes,,,
15,2021-8-15,1,9,D,27,infected,infected,2.4,0.9,2.16,120,1.028571429,orange,2021-8-9,,0.018,2.1,littorina_sitkana,6.4,,0.02358076,,0.02353666,-0.0148829,27.5330307,-0.0073532,-0.000350950093,-0.0001730697683,-0.0001778803247,-0.009882240261,9.882240261,0.9948554084,,,yes,no,"late survival check, aug 20",,
44,2021-8-15,2,9,C,27,nonovigerous,uninfected,,,0,0,0,,2021-8-9,,0.017,2.2,littorina_scutulata,7.9,,0.02344258,,0.02337104,-0.0126634,27.5330307,-0.0082138,-0.0002968627676,-0.0001919650484,-0.0001048977192,-0.006170454072,6.170454072,0.7903171241,,,yes,yes,"late survival check, aug 17",,
52,2021-8-15,3,9,B,27,infected,infected,2.3,0.7,1.61,76.66666667,0.6708333333,orange,2021-8-9,,0.021,2.4,littorina_scutulata,7.6,,0.02356214,,0.02352882,-0.0157122,27.5330307,-0.0091466,-0.0003702130561,-0.000215208705,-0.0001550043511,-0.007381159576,7.381159576,0.8681245946,,,yes,no,"late survival check, aug 19",,
16,2021-8-15,4,9,A,27,former_ovigerous,uninfected,,,0,0,0,,2021-8-9,,0.02,2.1,littorina_scutulata,6.5,,0.02342984,,0.02342396,-0.0163191,27.5330307,-0.008766,-0.0003823539019,-0.0002053344334,-0.0001770194686,-0.008850973429,8.850973429,0.946991037,,,yes,yes,"late survival check, aug 18",,
12,2021-8-25,1,10,D,27,infected,infected,2.3,0.9,2.07,64.6875,0.9857142857,orange,2021-8-17,,0.032,2.1,littorina_sitkana,7.4,,0.02357292,,0.02353666,-0.0115845,27.1810982,-0.0046159,-0.0002730804917,-0.0001086428689,-0.0001644376228,-0.005138675714,5.138675714,0.7108512116,,,yes,no,,,
10,2021-8-25,NA,10,NA,27,former_ovigerous,uninfected,,,0,#VALUE!,#DIV/0!,,2021-8-17,,NA,,,,,NA,,0.02337104,NA,NA,NA,#VALUE!,#VALUE!,#VALUE!,NA,NA,NA,,,yes,NA,,,
1,2021-8-25,3,10,B,27,infected,infected,1.4,0.4,0.56,46.66666667,0.2947368421,orange,2021-8-17,,0.012,1.9,littorina_scutulata,6.4,,0.02352392,,0.02352882,-0.0071217,27.1810982,-0.0034936,-0.0001675303011,-0.00008220028555,-0.00008533001551,-0.007110834626,7.110834626,0.8519205785,,,yes,no,,,
51,2021-8-25,4,10,A,27,nonovigerous,uninfected,,,0,0,0,,2021-8-17,,0.012,1.7,littorina_scutulata,6.5,,0.02347198,,0.02342396,-0.0092892,27.1810982,-0.0057902,-0.0002180359166,-0.0001356294132,-0.00008240650342,-0.006867208619,6.867208619,0.836780241,,,yes,no,check aug 28,,
42,2021-8-28,1,11,D,27,former_ovigerous,uninfected,,,0,0,0,,2021-8-24,,0.067,2.6,littorina_sitkana,6.9,,0.02343964,,0.02358468,-0.0234611,27.2864904,-0.009198,-0.000549919738,-0.0002169318866,-0.0003329878514,-0.004969967931,4.969967931,0.6963535864,,,yes,no,,,
47,2021-8-28,2,11,C,27,infected,infected,1.2,0.5,0.6,50,0.4,orange,2021-8-24,,0.012,1.5,littorina_scutulata,5.1,,0.02342788,,0.02342984,-0.0140564,27.2864904,-0.0090569,-0.0003293116524,-0.0002122017179,-0.0001171099345,-0.009759161211,9.759161211,0.9894124922,,,yes,no,x,,
38,2021-8-28,3,11,B,27,infected_isopod,infected,,,0,0,0,,2021-8-24,,0.083,3.4,littorina_sitkana,6.2,,0.02348472,,0.02352882,-0.0233367,27.2864904,-6.79E-03,-0.0005480558652,-1.6E-04,-3.88E-04,-4.68E-03,4.68E+00,0.6700602191,,,yes,no,,,
46,2021-8-28,4,11,A,27,infected,uninfected,0.7,0.3,0.21,26.25,0.15,clear,2021-8-24,,0.008,1.4,littorina_scutulata,5.1,,0.023389366,,0.02342396,-0.0122076,27.2864904,-0.0078699,-0.0002855280244,-0.0001843442228,-0.0001011838016,-0.0126479752,12.6479752,1.102021005,,,yes,no,,,
53,2021-8-29,1,12,D,27,infected,infected,1.8,0.7,1.26,60,0.7411764706,orange,2021-8-24,,0.021,1.7,,,,0.02350432,,0.02358468,-0.012534,27.2287486,-0.0072757,-0.0002946031469,-0.0001715950563,-0.0001230080906,-0.005857528124,5.857528124,0.7677143825,,,yes,no,check aug 30,,
17c,2021-8-29,2,12,C,27,infected,infected,1.8,0.7,1.26,70,0.6631578947,orange,2021-8-24,,0.018,1.9,,,,0.0233387,,0.02342984,-0.0153049,27.2287486,-8.08E-03,-0.0003571964696,-1.89E-04,-1.68E-04,-9.32E-03,9.32E+00,0.9696321041,,,yes,yes,"mistake, that this one was used, not properly starved ",,
19b,2021-8-29,3,12,B,27,infected,infected,2,0.8,1.6,100,0.7272727273,orange,2021-8-24,,0.016,2.2,,,,0.0235396,,0.02352882,-0.0140745,27.2287486,-0.0071533,-0.0003313081002,-0.0001683087081,-0.0001629993921,-0.01018746201,10.18746201,1.008066002,,,yes,yes,,,
8b,2021-8-29,4,12,A,27,nonovigerous,uninfected,,,0,0,0,,2021-8-24,,0.018,1.7,,,,0.02338182,,0.02342396,-0.0140694,27.2287486,-0.0078033,-0.0003289681783,-0.0001827841871,-0.0001461839912,-0.008121332847,8.121332847,0.9096273101,,,yes,unsure survival,,,
21b,2021-8-30,1,13,D,27,former_ovigerous,uninfected,,,0,0,0,,2021-8-25,,0.02,1.9,,,,0.02354646,,0.02358468,-0.0148409,27.1366643,-0.008593,-0.0003494506582,-0.0002026631552,-0.000146787503,-0.007339375149,7.339375149,0.865659087,,,yes,,,,
13c,2021-8-30,2,13,C,27,infected,infected,1.3,0.4,0.52,52,0.3466666667,orange,2021-8-25,,0.01,1.5,,,,0.02337594,,0.02342984,-0.0146501,27.1366643,-0.0110101,-0.0003424598586,-0.0002579648814,-0.00008449497721,-0.008449497721,8.449497721,0.9268308932,,,yes,,,,
18b,2021-8-30,3,13,B,27,infected,infected,,,0,0,0,orange,2021-8-25,,0.031,2.2,,,,0.02335536,,0.02352882,-0.0166762,27.1366643,-0.0083147,-0.0003894786544,-0.0001956350797,-0.0001938435748,-0.006253018541,6.253018541,0.7960897164,,,yes,,,,
39,2021-8-30,4,13,A,27,infected,infected,1.8,0.6,1.08,98.18181818,0.72,orange,2021-8-25,,0.011,1.5,,,,0.023471,,0.02342396,-0.01457,27.1366643,-0.0093665,-0.00034197247,-0.0002194005213,-0.0001225719487,-0.01114290442,11.14290442,1.046998405,,,yes,,,,
7b,2021-8-31,1,14,D,27,infected,infected,1.6,0.5,0.8,28.57142857,0.4,orange/red,2021-8-25,,0.028,2,,,,0.02355528,,0.02358468,-0.0179454,27.1824886,-0.0096249,-0.0004227089217,-0.0002270001865,-0.0001957087352,-0.006989597685,6.989597685,0.8444521789,,,yes,,,,
2b,2021-8-31,2,14,C,27,infected,infected,1.1,0.7,0.77,40.52631579,0.48125,orange,2021-8-25,,0.019,1.6,,,,0.02343474,,0.02342984,-0.0136743,27.1824886,-0.0083562,-0.0003204536652,-0.000195784429,-0.0001246692362,-0.006561538746,6.561538746,0.8170056977,,,yes,,,,
30b,2021-8-31,3,14,B,27,former_ovigerous,uninfected,,,0,#VALUE!,#DIV/0!,,2021-8-25,,NA,,,,,NA,,0.02352882,-0.0133364,27.1824886,-0.009193,#VALUE!,-0.0002163004423,#VALUE!,NA,NA,NA,,,yes,,,,
54b,2021-8-31,4,14,A,27,nonovigerous,uninfected,,,0,0,0,,2021-8-25,,0.012,1.9,,,,0.02336418,,0.02342396,-0.0136447,27.1824886,-0.0092805,-0.0003187972268,-0.0002173860608,-0.0001014111661,-0.008450930506,8.450930506,0.9269045304,,,yes,,,,
40c,2021-9-1,1,15,D,27,nonovigerous,uninfected,,,0,0,0,,2021-8-28,,0.004,1.2,,,,0.02360722,,0.02358468,-0.0117133,27.3152522,-0.0092262,-0.00027651845,-0.0002175969746,-0.00005892147541,-0.01473036885,14.73036885,1.168213622,,,yes,missing?? check other notes,,,
3b,2021-9-1,2,15,C,27,infected,infected,2.3,0.6,1.38,33.65853659,0.575,orange,2021-8-28,,0.041,2.4,,,,0.02331616,,0.02342984,-0.0170261,27.3152522,-0.00677,-0.0003969832718,-0.0001586200168,-0.000238363255,-0.005813737926,5.813737926,0.7644554506,,,yes,yes,,,
32c,2021-9-1,3,15,B,27,infected,infected,1,0.3,0.3,27.27272727,0.2,orange,2021-8-28,,0.011,1.5,,,,0.02350334,,0.02352882,-0.0131537,27.3152522,-0.0072187,-0.0003091558834,-0.0001698474929,-0.0001393083904,-0.01266439913,12.66439913,1.102584589,,,yes,no,,,
11b,2021-9-1,4,15,A,27,infected,infected,0.9,0.5,0.45,37.5,0.3,clear,2021-8-28,,0.012,1.5,,,,0.023422,,0.02342396,-0.0123494,27.3152522,-8.08E-03,-0.0002892476468,-1.89E-04,-1E-04,-8.33E-03,8.33E+00,0.9207814881,,,yes,no,,,
26c,2021-9-2,1,16,D,27,former_ovigerous,uninfected,,,0,0,0,,2021-8-29,,0.014,1.5,,,,0.0235592,,0.02358468,-0.0149838,27.2870753,-0.0098479,-0.000353006341,-0.0002322595702,-0.0001207467708,-0.008624769342,8.624769342,0.9357474893,,,yes,yes,late check sept 7,,
52c,2021-9-2,2,16,C,27,nonovigerous,uninfected,,,0,0,0,,2021-8-29,,0.009,1.4,,,,0.02339456,,0.02342984,-0.0138637,27.2870753,-0.0082287,-0.0003243351615,-0.0001927971244,-0.0001315380371,-0.01461533745,14.61533745,1.164808847,,,yes,yes,late check sept 7,,
27c,2021-9-2,3,16,B,27,infected,infected,1.9,0.6,1.14,63.33333333,0.6333333333,orange,2021-8-29,,0.018,1.8,,,,0.02349942,,0.02352882,-0.0166495,27.2870753,-1.02E-02,-0.0003912535933,-2.41E-04,-1.5E-04,-8.34E-03,8.34E+00,0.9211003911,,,yes,yes,late check sept 7,,
15c,2021-9-2,4,16,A,27,infected,infected,2.2,0.7,1.54,48.125,0.77,orange,2021-8-30,,0.032,2,,,,0.02335928,,0.02342396,-0.0217451,27.2870753,-0.0108067,-0.0005079498795,-0.0002531357085,-0.000254814171,-0.007962942844,7.962942844,0.9010735985,,,yes,yes,late check sept 7,,
19,2021-8-1,1,1,D,32,infected,infected,,,0,0,0,orange,2021-7-27,,0.013,2.4,littorina_scutulata,6.1,,0.02357292,,0.02373854,-0.027222,32.1626519,-0.0228282,-0.0006417020282,-0.0005419081388,-0.00009979388941,-0.007676453032,7.676453032,0.885160597,,,yes,yes,,,
22,2021-8-1,2,1,C,32,nonovigerous,uninfected,,,0,0,0,,2021-7-27,,0.044,5.1,,7.3,,0.02337888,,0.02358566,-0.0326576,32.1626519,-0.0166393,-0.0007634981115,-0.0003924488724,-0.0003710492391,-0.008432937251,8.432937251,0.9259788688,,,yes,yes,,,
43,2021-8-1,3,1,B,32,ovigerous,ovigerous,,,0,0,0,,2021-7-28,,0.031,3.6,,,,0.02348766,,0.02369738,-0.0263768,32.1626519,-0.0135307,-0.0006195293103,-0.0003206421396,-0.0002988871707,-0.009641521636,9.641521636,0.9841455802,,,yes,yes,"not randomly picked, but only one with eggs in jar. had eggs during experiment by August 4 they were gone",,
18,2021-8-1,4,1,A,32,nonovigerous,uninfected,,,0,0,#DIV/0!,,2021-7-27,,0.007,,,,,0.02341416,,0.02357194,-0.0206141,32.1626519,-2.02E-02,-0.0004826618357,-4.77E-04,-5.8E-06,-8.28E-04,8.28E-01,-0.08191159123,,,yes,no,This run has the weird calibration,,
8,2021-8-5,1,2,D,32,former_ovigerous,uninfected,,,0,0,0,,2021-7-29,,0.02,1,littorina_scutulata,6.5,,0.02363368,,0.02373854,-0.022893,33.5644701,-0.0173858,-0.0005410458362,-0.0004127135087,-0.0001283323275,-0.006416616375,6.416616375,0.8073060753,,,yes,no,checked survival for trial on Aug 8 mornign,,
2,2021-8-5,2,2,C,32,hyper_infected,hyper_infected,,,0,0,0,hyper,2021-7-29,,0.051,1.9,littorina_sitkana,7.4,,0.023373,,0.02358566,-0.0305516,33.5644701,-0.016325,-0.0007140825468,-0.0003850358995,-0.0003290466473,-0.006451895045,6.451895045,0.809687294,,,yes,no,checked survival for trial on Aug 8 mornign,,
30,2021-8-5,3,2,B,32,nonovigerous,uninfected,,,0,0,0,,2021-7-29,,0.013,0.9,littorina_scutulata,5.1,,0.02362584,,0.02369738,-0.021386,33.5644701,-0.0081064,-0.0005052622142,-0.0001921004412,-0.000313161773,-0.02408936715,24.08936715,1.381825391,,,yes,no,checked survival for trial on Aug 8 mornign,,figure out why there is a 32C control take 2  (used take 2 in datafile
29,2021-8-5,4,2,A,32,former_ovigerous,uninfected,,,0,0,0,,2021-7-29,,0.018,1.2,,6,,0.02338182,,0.02357194,-0.0219073,33.5644701,-0.015062,-0.0005122325453,-0.0003550405603,-0.000157191985,-0.008732888056,8.732888056,0.9411578931,,,yes,no,checked survival for trial on Aug 8 mornign,,
7,2021-8-6,1,3,D,32,former_ovigerous,uninfected,,,0,0,0,,2021-7-30,,0.013,1.7,littorina_scutulata,5.1,,0.02359546,,0.02353666,-0.0209469,32.6172102,-1.5E-02,-0.0004942517411,-3.53E-04,-1.41E-04,-1.09E-02,1.09E+01,1.036396223,,,yes,no,checked survival for trial on Aug 8 mornign,,
6,2021-8-6,2,3,C,32,former_ovigerous,uninfected,,,0,0,0,,2021-7-30,,0.011,1.3,,3.5,,0.02340142,,0.02337104,-0.0203513,32.6172102,-0.0141637,-0.0004762493188,-0.0003310203992,-0.0001452289196,-0.01320262905,13.20262905,1.120660421,,,yes,yes,checked survival for trial on Aug 8 mornign,,
40,2021-8-6,3,3,B,32,infected_isopod,infected_isopod,,,0,0,0,,2021-7-30,,0.033,2.3,,,,0.0234514,,0.02348276,-0.0266344,32.6172102,-0.0142857,-0.0006246139682,-0.0003354676645,-0.0002891463036,-0.008762009201,8.762009201,0.9426037049,,,yes,yes,checked survival for trial on Aug 8 mornign,,
9,2021-8-6,4,3,A,32,nonovigerous,uninfected,,,0,0,0,,2021-7-30,,0.008,1.2,,,,0.02345042,,0.02340142,-0.0193799,32.6172102,-0.0155726,-0.0004544667946,-0.0003644209531,-0.00009004584147,-0.01125573018,11.25573018,1.051373674,,,yes,NA,checked survival for trial on Aug 8 mornign,,
54,2021-8-8,1,4,D,32,hyper_infected,hyper_infected,,,0,0,0,hyper,2021-7-31,,0.019,1.6,littorina_sitkana,5.5,,0.0235445,,0.02353666,-0.0269719,32.5650719,-0.0191753,-0.0006350398996,-0.0004513225165,-0.0001837173831,-0.00966933595,9.66933595,0.9853966496,,,yes,no,"late check: checked aug 10 not 100% sure this is a lirio, was small.  chance it could be a second ext.",,
24,2021-8-8,2,4,C,32,former_ovigerous,uninfected,,,0,0,0,,2021-7-31,,0.017,1.5,littorina_scutulata,7,,0.02343082,,0.02337104,-0.0247931,32.5650719,-0.0167235,-0.0005809226633,-0.0003908455874,-0.0001900770759,-0.01118100446,11.18100446,1.048480821,,,yes,yes,late check: checked aug 10,,
35,2021-8-8,3,4,B,32,former_ovigerous,uninfected,,,0,0,0,,2021-7-31,,0.018,1.6,littorina_scutulata,7.3,,0.02356214,,0.02348276,-0.0282108,32.5650719,-0.0188418,-0.0006647068191,-0.0004424574674,-0.0002222493517,-0.01234718621,12.34718621,1.091567998,,,yes,yes,late check: checked aug 10,,
3,2021-8-8,4,4,A,32,nonovigerous,uninfected,,,0,0,0,,2021-7-31,,0.011,1.4,littorina_scutulata,6.1,,0.02343278,,0.02340142,-0.0226858,32.5650719,-0.0187838,-0.0005315913605,-0.000439567593,-0.00009202376753,-0.008365797048,8.365797048,0.9225073245,,,yes,no,late check: checked aug 10,,
48,2021-8-9,1,5,D,32,former_ovigerous,uninfected,,,0,0,0,,2021-8-1,,0.043,2.5,littorina_sitkana,7.6,,0.02357782,,0.02353666,-0.0298396,32.2648208,-0.0174977,-0.0007035527177,-0.0004118374157,-0.000291715302,-0.00678407679,6.78407679,0.8314907552,,,yes,yes,,,
11,2021-8-9,2,5,C,32,infected_isopod,infected_isopod,,,0,0,0,,2021-8-1,,0.011,1.5,littorina_scutulata,6.1,,0.0234808,,0.02337104,-0.0197112,32.2648208,-0.0162635,-0.000462834745,-0.000380094909,-0.00008273983592,-0.007521803265,7.521803265,0.8763219702,,,yes,no,,,
14,2021-8-9,3,5,B,32,infected,infected,2.5,0.9,2.25,97.82608696,1.125,red,2021-8-1,,0.023,2,littorina_scutulata,7.2,,0.02350138,,0.02348276,-0.0236246,32.2648208,-0.0161791,-0.0005552107019,-0.0003799299223,-0.0001752807796,-0.007620903462,7.620903462,0.8820064602,,,yes,yes,,,
31,2021-8-9,4,5,A,32,former_ovigerous,uninfected,,,0,0,0,,2021-8-1,,0.011,1.5,littorina_scutulata,5.8,,0.02342298,,0.02340142,-0.0205594,32.2648208,-0.0160443,-0.000481562415,-0.0003754594029,-0.0001061030121,-0.009645728373,9.645728373,0.9843350279,,,yes,yes,,,
26,2021-8-10,1,6,D,32,infected,infected,1.6,0.6,0.96,87.27272727,0.6857142857,orange,2021-8-2,,0.011,1.4,littorina_scutulata,5,,0.02358174,,0.02353666,-0.0218258,32.3718805,-0.0168673,-0.0005146903409,-0.0003969999052,-0.0001176904357,-0.01069913052,10.69913052,1.029348485,,,yes,yes,,,
4,2021-8-10,2,6,C,32,former_ovigerous,uninfected,,,0,0,0,,2021-8-2,,0.017,1.6,littorina_scutulata,7.5,,0.0234661,,0.02337104,-0.0223158,32.3718805,-0.0172207,-0.0005236647944,-0.0004024656685,-0.0001211991259,-0.007129360344,7.129360344,0.8530505661,,,yes,yes,,,
23,2021-8-10,3,6,B,32,former_ovigerous,uninfected,,,0,0,0,,2021-8-2,,0.024,2.1,littorina_sitkana,6.6,,0.02353176,,0.02348276,-0.0247381,32.3718805,-0.0143606,-0.0005821310321,-0.0003372265233,-0.0002449045088,-0.01020435453,10.20435453,1.008785539,,,yes,no,,,
13,2021-8-10,4,6,A,32,nonovigerous,uninfected,,,0,0,0,,2021-8-2,,0.029,2.2,littorina_sitkana,6.5,,0.02341318,,0.02340142,-0.026483,32.3718805,-0.0157627,-0.0006200512459,-0.000368869563,-0.0002511816829,-0.008661437342,8.661437342,0.937589968,,,yes,yes,,,
27,2021-8-11,1,7,D,32,former_ovigerous,uninfected,,,0,0,0,,2021-8-4,,0.024,1.7,littorina_scutulata,7.4,,0.02358566,,0.02353666,-0.0265178,32.183408,-0.0171982,-0.0006254398147,-0.000404788186,-0.0002206516287,-0.009193817864,9.193817864,0.9634958958,,,yes,no,"late survival check, august 14",,
20,2021-8-11,2,7,C,32,infected,infected,1.6,0.8,1.28,80,0.7111111111,orange/red,2021-8-4,,0.016,1.8,littorina_scutulata,7.3,,0.02340534,,0.02337104,-0.0232745,32.183408,-0.0168948,-0.0005447475858,-0.0003948490466,-0.0001498985392,-0.009368658702,9.368658702,0.971677418,,,yes,no,"late survival check, august 14",,
49,2021-8-11,3,7,B,32,infected,infected,,,0,0,0,,2021-8-4,,0.016,1.7,littorina_scutulata,6.7,,0.02355038,,0.02348276,-0.0214674,32.183408,-0.0168253,-0.0005055654276,-0.0003951044818,-0.0001104609458,-0.006903809111,6.903809111,0.8390887747,,,yes,no,"late survival check, august 14",,
17,2021-8-11,4,7,A,32,nonovigerous,uninfected,,,0,0,0,,2021-8-4,,0.015,1.4,littorina_scutulata,6.5,,0.02338378,,0.02340142,-0.0240779,32.183408,-0.0174526,-0.0005630323165,-0.0004084156227,-0.0001546166938,-0.01030777958,10.30777958,1.013165123,,,yes,no,"late survival check, august 14",,
32,2021-8-14,1,8,D,32,former_ovigerous,uninfected,,,0,0,0,,2021-8-8,,0.014,1.9,littorina_scutulata,6.4,,0.02365328,,0.02353666,-0.0241993,32.5012281,-0.0196595,-0.0005723928187,-0.0004627189673,-0.0001096738514,-0.007833846531,7.833846531,0.8939750592,,,yes,no,,,
33,2021-8-14,2,8,C,32,infected,infected,1.5,0.4,0.6,37.5,0.3333333333,orange/red,2021-8-8,,0.016,1.8,littorina_scutulata,7.4,,0.02337986,,0.02337104,-0.0233578,32.5012281,-0.0177761,-0.0005461020939,-0.0004154459441,-0.0001306561498,-0.00816600936,8.16600936,0.9120098734,,,yes,yes,,,
36,2021-8-14,3,8,B,32,infected,infected,,,0,#VALUE!,#DIV/0!,,2021-8-8,,dead,,,,,NA,,0.04231248,NA,NA,NA,#VALUE!,#VALUE!,#VALUE!,NA,NA,NA,,,yes,no,,,
46,2021-8-14,4,8,A,32,nonovigerous,uninfected,,,0,0,0,,2021-8-8,,0.011,1.6,littorina_scutulata,5.4,,0.02341416,,0.02340142,-0.0271304,32.5012281,-0.0229468,-0.0006352355265,-0.0005369877045,-0.00009824782201,-0.008931620183,8.931620183,0.9509302464,,,yes,yes,,,
15,2021-8-15,1,9,D,32,infected,infected,2.4,0.9,2.16,120,1.028571429,orange,2021-8-9,,0.018,2.1,littorina_sitkana,6.4,,0.02358076,,0.02353666,-0.021386,32.0229164,-0.0127715,-0.0005042981334,-0.0003005984532,-0.0002036996802,-0.0113166489,11.3166489,1.053717842,,,yes,no,"late survival check, aug 20",,
44,2021-8-15,2,9,C,32,nonovigerous,uninfected,,,0,0,0,,2021-8-9,,0.017,2.2,littorina_scutulata,7.9,,0.02344258,,0.02337104,-0.0193513,32.0229164,-0.0134851,-0.0004536443984,-0.0003151608115,-0.0001384835869,-0.008146093344,8.146093344,0.9109493823,,,yes,yes,"late survival check, aug 17",,
52,2021-8-15,3,9,B,32,infected,infected,2.3,0.7,1.61,76.66666667,0.6708333333,orange,2021-8-9,,0.021,2.4,littorina_scutulata,7.6,,0.02356214,,0.02352882,-0.0221354,32.0229164,-0.0149702,-0.0005215573938,-0.0003522311412,-0.0001693262526,-0.008063154885,8.063154885,0.9065050023,,,yes,no,"late survival check, aug 19",,
16,2021-8-15,4,9,A,32,former_ovigerous,uninfected,,,0,0,0,,2021-8-9,,0.02,2.1,littorina_scutulata,6.5,,0.02342984,,0.02342396,-0.0220434,32.0229164,-0.0134037,-0.0005164733351,-0.0003139677327,-0.0002025056024,-0.01012528012,10.12528012,1.005407047,,,yes,yes,"late survival check, aug 18",,
12,2021-8-25,1,10,D,32,infected,infected,2.3,0.9,2.07,64.6875,0.9857142857,orange,2021-8-17,,0.032,2.1,littorina_sitkana,7.4,,0.02357292,,0.02353666,-0.0192468,32.1492614,-0.0093517,-0.0004537032767,-0.0002201077833,-0.0002335954933,-0.007299859167,7.299859167,0.8633144815,,,yes,no,,,
10,2021-8-25,NA,10,NA,32,former_ovigerous,uninfected,,,0,#VALUE!,#DIV/0!,,2021-8-17,,NA,,,,,NA,,0.02337104,NA,NA,NA,#VALUE!,#VALUE!,#VALUE!,NA,NA,NA,,,yes,NA,,,
1,2021-8-25,3,10,B,32,infected,infected,1.4,0.4,0.56,46.66666667,0.2947368421,orange,2021-8-17,,0.012,1.9,littorina_scutulata,6.4,,0.02352392,,0.02352882,-0.012536,32.1492614,-0.0074585,-0.0002948958611,-0.000175489704,-0.0001194061572,-0.009950513096,9.950513096,0.9978454756,,,yes,no,,,
51,2021-8-25,4,10,A,32,nonovigerous,uninfected,,,0,0,0,,2021-8-17,,0.012,1.7,littorina_scutulata,6.5,,0.02347198,,0.02342396,-0.0159316,32.1492614,-0.0100228,-0.0003739461966,-0.0002347736663,-0.0001391725303,-0.01159771086,11.59771086,1.064372277,,,yes,no,check aug 28,,
42,2021-8-28,1,11,D,32,former_ovigerous,uninfected,,,0,0,0,,2021-8-24,,0.067,2.6,littorina_sitkana,6.9,,0.02343964,,0.02358468,-0.0358975,32.2849894,-0.0155482,-0.0008414244769,-0.0003666993216,-0.0004747251553,-0.007085450079,7.085450079,0.8503674426,,,yes,no,,,
47,2021-8-28,2,11,C,32,infected,infected,1.2,0.5,0.6,50,0.4,orange,2021-8-24,,0.012,1.5,littorina_scutulata,5.1,,0.02342788,,0.02342984,-0.0200127,32.2849894,-0.0137738,-0.0004688551341,-0.0003227179302,-0.0001461372039,-0.01217810032,12.17810032,1.085579547,,,yes,no,x,,
38,2021-8-28,3,11,B,32,infected_isopod,infected,,,0,0,0,,2021-8-24,,0.083,3.4,littorina_sitkana,6.2,,0.02348472,,0.02352882,-0.0333158,32.2849894,-1.3E-02,-0.0007824122346,-3.06E-04,-4.76E-04,-5.74E-03,5.74E+00,0.7585835447,,,yes,no,,,
46,2021-8-28,4,11,A,32,infected,uninfected,0.7,0.3,0.21,26.25,0.15,clear,2021-8-24,,0.008,1.4,littorina_scutulata,5.1,,0.023389366,,0.02342396,-0.0183621,32.2849894,-0.0138154,-0.0004294778774,-0.000323611377,-0.0001058665004,-0.01323331256,13.23331256,1.12166857,,,yes,no,,,
53,2021-8-29,1,12,D,32,infected,infected,1.8,0.7,1.26,60,0.7411764706,orange,2021-8-24,,0.021,1.7,,,,0.02350432,,0.02358468,-0.0198837,32.4892075,-0.0124525,-0.0004673528476,-0.0002936882277,-0.0001736646199,-0.008269743804,8.269743804,0.9174920554,,,yes,no,check aug 30,,
17c,2021-8-29,2,12,C,32,infected,infected,1.8,0.7,1.26,70,0.6631578947,orange,2021-8-24,,0.018,1.9,,,,0.0233387,,0.02342984,-0.0217213,32.4892075,-1.25E-02,-0.0005069469043,-2.94E-04,-2.13E-04,-1.18E-02,1.18E+01,1.073146981,,,yes,yes,"mistake, that this one was used, not properly starved ",,
19b,2021-8-29,3,12,B,32,infected,infected,2,0.8,1.6,100,0.7272727273,orange,2021-8-24,,0.016,2.2,,,,0.0235396,,0.02352882,-0.0184025,32.4892075,-0.0119442,-0.000433187489,-0.0002810329318,-0.0001521545572,-0.009509659822,9.509659822,0.9781649817,,,yes,yes,,,
8b,2021-8-29,4,12,A,32,nonovigerous,uninfected,,,0,0,0,,2021-8-24,,0.018,1.7,,,,0.02338182,,0.02342396,-0.0215706,32.4892075,-0.0126492,-0.0005043598865,-0.0002962943548,-0.0002080655317,-0.0115591962,11.5591962,1.062927635,,,yes,unsure survival,,,
21b,2021-8-30,1,13,D,32,former_ovigerous,uninfected,,,0,0,0,,2021-8-25,,0.02,1.9,,,,0.02354646,,0.02358468,-0.0195944,32.0109605,-0.0107668,-0.0004613787558,-0.0002539315326,-0.0002074472232,-0.01037236116,10.37236116,1.01587763,,,yes,,,,
13c,2021-8-30,2,13,C,32,infected,infected,1.3,0.4,0.52,52,0.3466666667,orange,2021-8-25,,0.01,1.5,,,,0.02337594,,0.02342984,-0.016781,32.0109605,-0.0128956,-0.0003922716491,-0.0003021418447,-0.00009012980444,-0.009012980444,9.012980444,0.9548684287,,,yes,,,,
18b,2021-8-30,3,13,B,32,infected,infected,,,0,0,0,orange,2021-8-25,,0.031,2.2,,,,0.02335536,,0.02352882,-0.0211243,32.0109605,-0.0099174,-0.0004933656312,-0.0002333447195,-0.0002600209118,-0.008387771348,8.387771348,0.923646583,,,yes,,,,
39,2021-8-30,4,13,A,32,infected,infected,1.8,0.6,1.08,98.18181818,0.72,orange,2021-8-25,,0.011,1.5,,,,0.023471,,0.02342396,-0.0183394,32.0109605,-0.0113951,-0.0004304440574,-0.0002669183666,-0.0001635256908,-0.01486597189,14.86597189,1.172193307,,,yes,,,,
7b,2021-8-31,1,14,D,32,infected,infected,1.6,0.5,0.8,28.57142857,0.4,orange/red,2021-8-25,,0.028,2,,,,0.02355528,,0.02358468,-0.0236238,31.9966715,-0.0143011,-0.0005564652237,-0.0003372868671,-0.0002191783565,-0.007827798447,7.827798447,0.8936396348,,,yes,,,,
2b,2021-8-31,2,14,C,32,infected,infected,1.1,0.7,0.77,40.52631579,0.48125,orange,2021-8-25,,0.019,1.6,,,,0.02343474,,0.02342984,-0.0194991,31.9966715,-0.0124566,-0.0004569563387,-0.0002918561449,-0.0001651001938,-0.008689483884,8.689483884,0.9389939821,,,yes,,,,
30b,2021-8-31,3,14,B,32,former_ovigerous,uninfected,,,0,#VALUE!,#DIV/0!,,2021-8-25,,NA,,,,,NA,,0.02352882,-0.0187758,31.9966715,-0.0121143,#VALUE!,-0.0002850351841,#VALUE!,NA,NA,NA,,,yes,,,,
54b,2021-8-31,4,14,A,32,nonovigerous,uninfected,,,0,0,0,,2021-8-25,,0.012,1.9,,,,0.02336418,,0.02342396,-0.0197078,31.9966715,-0.0136647,-0.0004604565866,-0.0003200813862,-0.0001403752004,-0.01169793337,11.69793337,1.068109143,,,yes,,,,
40c,2021-9-1,1,15,D,32,nonovigerous,uninfected,,,0,0,0,,2021-8-28,,0.004,1.2,,,,0.02360722,,0.02358468,-0.0159276,32.0229417,-0.012996,-0.0003760063573,-0.0003065065013,-0.00006949985599,-0.017374964,17.374964,1.239923913,,,yes,missing?? check other notes,,,
3b,2021-9-1,2,15,C,32,infected,infected,2.3,0.6,1.38,33.65853659,0.575,orange,2021-8-28,,0.041,2.4,,,,0.02331616,,0.02342984,-0.0246698,32.0229417,-0.010499,-0.000575205004,-0.0002459898902,-0.0003292151138,-0.008029636922,8.029636922,0.9046959081,,,yes,yes,,,
32c,2021-9-1,3,15,B,32,infected,infected,1,0.3,0.3,27.27272727,0.2,orange,2021-8-28,,0.011,1.5,,,,0.02350334,,0.02352882,-0.0181311,32.0229417,-0.0117398,-0.0004261414079,-0.000276223641,-0.0001499177668,-0.01362888789,13.62888789,1.134460419,,,yes,no,,,
11b,2021-9-1,4,15,A,32,infected,infected,0.9,0.5,0.45,37.5,0.3,clear,2021-8-28,,0.012,1.5,,,,0.023422,,0.02342396,-0.0181665,32.0229417,-1.3E-02,-0.000425495763,-3.04E-04,-1.22E-04,-1.01E-02,1.01E+01,1.006271892,,,yes,no,,,
26c,2021-9-2,1,16,D,32,former_ovigerous,uninfected,,,0,0,0,,2021-8-29,,0.014,1.5,,,,0.0235592,,0.02358468,-0.0235081,32.2662572,-0.0177458,-0.0005538320295,-0.0004185290143,-0.0001353030152,-0.009664501084,9.664501084,0.9851794391,,,yes,yes,late check sept 7,,
52c,2021-9-2,2,16,C,32,nonovigerous,uninfected,,,0,0,0,,2021-8-29,,0.009,1.4,,,,0.02339456,,0.02342984,-0.0206189,32.2662572,-0.0149903,-0.0004823700932,-0.0003512203306,-0.0001311497626,-0.01457219585,14.57219585,1.163524999,,,yes,yes,late check sept 7,,
27c,2021-9-2,3,16,B,32,infected,infected,1.9,0.6,1.14,63.33333333,0.6333333333,orange,2021-8-29,,0.018,1.8,,,,0.02349942,,0.02352882,-0.0228052,32.2662572,-1.53E-02,-0.000535908973,-3.61E-04,-1.75E-04,-9.74E-03,9.74E+00,0.9883500609,,,yes,yes,late check sept 7,,
15c,2021-9-2,4,16,A,32,infected,infected,2.2,0.7,1.54,48.125,0.77,orange,2021-8-30,,0.032,2,,,,0.02335928,,0.02342396,-0.028847,32.2662572,-0.0154646,-0.0006738451502,-0.0003622421718,-0.0003116029783,-0.009737593073,9.737593073,0.9884516217,,,yes,yes,late check sept 7,,